"","order_id","created_at","assigned_at","picked_at","delivered_at","status","customer_id","city","lat","lon","distance_km","service_level","payment_method","items_count","order_value","delivery_fee","courier_id","note"
"1",1,"21.04.2024 11:50","2024-04-21 12:20:20","21.04.2024 13:11",NA,"picked",2106,"Kyiv",50.328551,30.473075,12.91,"Standart","Card",1,"160","65.82",199,NA
"2",2,"2024-04-08 07:45:52","2024-04-08 08:40:52",NA,NA,"assigned",3727,"Odesa",46.400726,30.646155,4.53,"Express","Card",3,"4115","73.59",82,NA
"3",3,"2024-04-14 12:04:48",NA,NA,NA,"canceled",3854,"Lviv",49.826689,24.084623,20.63,"Standart","Card",5,"5575","81.26",57,NA
"4",4,"07.04.2024 21:11","2024-04-07 22:09:35",NA,NA,"assigned",396,"Kyiv",50.477308,30.354213,0.7,"Standart","Card",4,"874","41.4",154,NA
"5",5,"2024-04-26 21:43:31","2024-04-26 22:25:31","26.04.2024 23:02","2024-04-26 23:26:31","delivered",2217,"Kyiv",50.496139,30.454743,7.99,"Standart","COD",1,"3054","55.98",11,NA
"6",6,"2024-04-10 08:03:50","2024-04-10 08:38:50",NA,NA,"canceled",672,"Lviv",49.847106,24.043791,20.3,"Standart","COD",5,"2488","80.6",29,NA
"7",7,"2024-04-03 05:31:22",NA,NA,NA,"assigned",3099,"Lviv",49.819217,23.966912,8.98,"Express","cod  ",2,"1 077","86.94",4,NA
"8",8,"2024-04-25 23:16:16","2024-04-25 23:37:16",NA,NA,"assigned",1681,"Kyiv",50.538717,30.413883,15.87,"Express","Card",6,"2043","107.61",138,NA
"9",9,"2024-04-27 05:37:32","2024-04-27 06:06:32","2024-04-27 06:16:32",NA,"picked",2207,"Lviv",23.958191,49.882253,25.74,"Express","Card",1,"3012","137.22",151,"fragile"
"10",105,"2024-04-25 04:20:47","2024-04-25 04:48:47","2024-04-25 05:11:47",NA,"picked",2051,"ODESA",46.336334,30.758243,4.8,"Standart","COD",3,"2913","49,60",83,NA
"11",11,"10.04.2024 14:12","2024-04-10 15:02:58",NA,NA,"canceled",1100,"Lviv",49.76879,23.956831,11.89,"Standart","COD",1,"2058","63.78",34,NA
"12",12,"18.04.2024 17:36","2024-04-18 18:00:09",NA,NA,"assigned",1230,"Odesa",46.542057,30.644423,12,"Express","COD",2,"4307","96",179,"liquid"
"13",13,"2024-04-05 17:11:53","2024-04-05 18:03:53",NA,NA,"canceled",1139,"Kyiv",50.438844,30.434907,23.29,"Standart","COD",1,"1811","86.58",17,"liquid"
"14",14,"2024-04-20 20:11:41","2024-04-20 20:34:41","2024-04-20 21:20:41","2024-04-20 22:08:41","delivered",1831,"Kyiv",50.440096,30.285691,20,"Express","COD",6,"2127","120",39,"sharp"
"15",15,"2024-04-16 18:14:42","2024-04-16 19:00:42","2024-04-16 19:34:42","16.04.2024 20:05","delivered",1982,"Lviv",49.846033,24.068529,26,"Standart","Card",6,"1361","92",75,"sharp"
"16",16,"08.04.2024 04:56",NA,NA,NA,"created",1670,"Kyiv",50.370124,30.407175,9.26,"Express","Card",6,"4000","87.78",48,NA
"17",17,"2024-04-26 10:03:51","2024-04-26 10:27:51",NA,NA,"assigned",2074,"Kyiv",50.454611,30.654201,11.47,"Express","Card",5,"5138","94.41",168,NA
"18",18,"2024-04-21 15:43:49","2024-04-21 16:08:49",NA,NA,"assigned",1168,"Kyiv",50.352783,30.639946,19.41,"Express","COD",5,"2346","118,23",127,NA
"19",19,"2024-04-22 12:02:32","2024-04-22 12:37:32",NA,NA,"assigned",3491,"Lviv",49.812549,24.084479,8.36,"Standart","Card",2,"4085","56.72",141,NA
"20",20,"2024-04-03 06:49:55",NA,NA,NA,"created",181,"Kyiv",50.400229,30.346149,17.92,"Standart","Card",2,"2445","75,84",101,"sharp"
"21",21,"2024-04-30 00:42:00","2024-04-30 01:00:00",NA,NA,"assigned",1827,"Kyiv",50.463219,30.434382,1.2,"Express","Card",3,"4975","63.6",67,NA
"22",22,"2024-04-25 08:42:39","2024-04-25 09:33:39","2024-04-25 09:52:39","25.04.2024 10:37","delivered",3921,"Lviv",49.857537,24.080114,21.75,"Standart","COD",6,"1565","83.5",128,NA
"23",23,"2024-04-17 08:05:03","2024-04-17 08:48:03","2024-04-17 09:31:03",NA,"picked",408,"Kyiv",50.334475,30.570887,14.54,"Express","Card",4,"326","103.62",180,NA
"24",24,"2024-04-13 22:03:05","2024-04-13 22:28:05",NA,NA,"canceled",2436,"Lviv",49.826301,24.088588,8.41,"Standart","Card",1,"3929","56.82",15,NA
"25",25,"2024-04-07 20:01:55","2024-04-07 20:23:55",NA,NA,"canceled",2628,"Lviv",49.83329,24.011424,16.06,"Standart","Card",1,"1 990","72.12",24,"fragile"
"26",26,"2024-04-20 11:05:50","2024-04-20 11:39:50",NA,NA,"canceled",3145,"Odesa",46.471029,30.712395,111.68,"Express","Card",1,"141","101.88",18,NA
"27",27,"2024-04-29 12:58:51","2024-04-29 13:11:51","2024-04-29 13:41:51","2024-04-29 14:01:51","delivered",2759,"Odesa",46.481909,30.757823,14.78,"Express","Card",2,"711","104.34",123,"perishable"
"28",28,"2024-04-30 05:16:06","2024-04-30 06:09:06",NA,NA,"assigned",1038,"Odesa",46.485773,30.734667,23.11,"Express","COD",5,"2336","129.33",167,"liquid"
"29",29,"2024-04-23 22:37:54",NA,NA,NA,"created",3029,"Odesa",46.538937,30.712975,11.87,"Standart","Card",2,"3293","63.74",101,NA
"30",30,"2024-04-15 05:51:46",NA,NA,NA,"created",392,"Odesa",46.557118,30.711974,19.39,"Standart","Card",2,"152","78.78",86,"liquid"
"31",31,"2024-04-02 10:39:59",NA,"2024-04-02 11:45:59","2024-04-02 12:27:59","delivered",2667,"Kyiv",50.303023,30.381238,21.57,"Standart","COD",4,"2327","83.14",12,"  liquid"
"32",32,"2024-04-27 00:14:51","2024-04-27 00:57:51",NA,NA,"assigned",1281,"Odesa",46.385722,30.704056,12.95,"Standart","COD",6,"225","65.9",43,"sharp"
"33",33,"2024-04-22 12:42:58",NA,NA,NA,"canceled",1482,"Kyiv",50.349698,30.574909,13.18,"Standart","Card",1,"1385","66.36",111,"fragile"
"34",34,"2024-04-27 18:23:30","27.04.2024 19:11","2024-04-27 19:57:30",NA,"picked",2285,"Odesa",46.344538,30.683401,11.44,"Express","Card",4,"5577","0",121,NA
"35",35,"2024-04-21 10:54:05","21.04.2024 11:54","2024-04-21 12:10:05",NA,"picked",1677,"Kyiv",50.420727,30.54929,1.46,"Standart","Card",6,"1 667","42.92",131,"perishable"
"36",36,"2024-04-14 17:30:02","2024-04-14 18:19:02",NA,NA,"assigned",3146,"Kyiv",50.316585,30.306086,12.67,"Standart","COD",6,"4745","65.34",121,"fragile"
"37",37,"2024-04-09 19:25:59","2024-04-09 20:24:59","2024-04-09 21:01:59",NA,"picked",19,"Odesa",46.459377,30.714714,14.42,"Express","COD",4,"734","103.26",96,NA
"38",38,"2024-04-27 12:51:37",NA,NA,NA,"canceled",2078,"Lviv",49.864005,23.928898,18.33,"Standart","Card",5,"3278","76.66",135,"sharp"
"39",39,"2024-04-27 02:35:49","2024-04-27 02:45:49","2024-04-27 03:00:49","2024-04-27 03:28:49","delivered",1818,"Lviv",49.796483,24.07169,9.22,"Express","COD",6,"1 715","87.66",198,NA
"40",40,"2024-04-11 01:40:46","11.04.2024 01:56","2024-04-11 02:26:46","2024-04-11 02:42:46","delivered",3614,"Kyiv",50.314064,30.574856,9.16,"Standart","Card",6,"3387","58.32",140,NA
"41",41,"2024-04-02 11:46:54",NA,"2024-04-02 12:48:54",NA,"picked",1713,"Odesa",46.491992,30.661959,13.09,"Standart","COD",1,"599","66,18",149,"  liquid"
"42",42,"2024-04-13 11:47:36",NA,NA,NA,"created",2411,"Odesa",46.542308,30.658338,24.04,"Express","Card",2,"5246","132.12",155,NA
"43",43,"2024-04-12 07:13:11","12.04.2024 07:58","2024-04-12 08:16:11",NA,"picked",331,"Odesa",46.392127,30.738786,14.95,"Standart","COD",6,"3619","69.9",152,NA
"44",44,"2024-04-02 23:31:32",NA,NA,NA,"assigned",2358,"Kyiv",50.281634,30.457791,18.52,"Express","Card",3,"2543","115,56",161,NA
"45",45,"2024-04-13 19:49:01","13.04.2024 20:08","2024-04-13 20:20:01","2024-04-13 21:02:01","delivered",901,"Odesa",46.33754,30.70451,1.19,"Standart","COD",5,"5968","42.38",10,"perishable"
"46",46,"2024-04-24 06:54:17","2024-04-24 07:08:17",NA,NA,"canceled",70,"Kyiv",50.419349,30.661701,8.55,"Express","Card",4,"3464","85.65",5,NA
"47",47,"2024-04-28 21:05:02","2024-04-28 21:37:02","2024-04-28 22:07:02",NA,"picked",2258,"Kyiv",50.402869,30.295746,7.57,"Express","COD",4,"1601","82,71",27,"sharp"
"48",48,"2024-04-09 19:56:25","2024-04-09 20:54:25","2024-04-09 21:23:25","2024-04-09 21:47:25","delivered",221,"Odesa",46.366225,30.748822,6.2,"Express","COD",3,"2827","-78.6",54,NA
"49",49,"2024-04-06 19:09:22","2024-04-06 19:24:22","2024-04-06 20:11:22",NA,"picked",671,"Odesa",46.465928,30.645274,0.78,"Standart","Card",3,"5 154","41.56",137,"sharp"
"50",50,"2024-04-24 19:32:32","2024-04-24 20:18:32","24.04.2024 20:59","2024-04-24 21:54:32","delivered",697,"Lviv",49.865035,24.00969,15.28,"Standart","Card",6,"565","70.56",81,NA
"51",51,"2024-04-29 02:24:27","2024-04-29 02:53:27","2024-04-29 03:48:27",NA,"picked",103,"Lviv",49.847814,23.940623,8.31,"Express","COD",6,"5967","84.93",84,NA
"52",52,"2024-04-17 07:04:37",NA,NA,NA,"canceled",1202,"Lviv",49.880788,24.012799,5.38,"Standart","cod  ",6,"910","50.76",33,NA
"53",83,"2024-04-30 09:59:31","2024-04-30 10:33:31","2024-04-30 11:10:31","2024-04-30 11:39:31","delivered",1206,"LVIV",49.859806,23.983504,7.69,"Standart","Card  ",4,"5701","55.38",152,NA
"54",54,"2024-04-10 23:03:35","2024-04-10 23:41:35",NA,NA,"canceled",448,"Kyiv",50.283448,30.413608,9.27,"Standart","Card",6,"265","58,54",56,NA
"55",55,"2024-04-26 10:55:41","2024-04-26 11:36:41","26.04.2024 12:12",NA,"picked",1043,"Kyiv",50.41933,30.353753,4.81,"Express","Card",6,"2841","74.43",15,"sharp"
"56",56,"2024-04-20 02:11:01","2024-04-20 02:57:01",NA,NA,"assigned",2588,"Kyiv",50.469565,30.485286,24.04,"Express","Card",3,"2613","132.12",36,NA
"57",57,"2024-04-24 23:42:18","2024-04-25 00:06:18",NA,NA,"assigned",2921,"Odesa",46.418034,30.67345,21.93,"Express","COD",1,"3656","125.79",50,NA
"58",305,"2024-04-20 13:20:42","2024-04-20 13:40:42",NA,NA,"canceled",3903,"Odesa",46.374899,30.760011,11.66,"Express","Card",1,"665","94.98",71,NA
"59",59,"2024-04-18 13:50:05",NA,NA,NA,"canceled",143,"Kyiv",50.438818,30.580496,20,"Standart","Card",2,"4973","80",192,"perishable"
"60",60,"2024-04-25 14:37:40","2024-04-25 15:12:40","2024-04-25 16:01:40","2024-04-25 16:45:40","delivered",1890,"Odesa",46.398416,30.743528,6.73,"Standart","Card",2,"1332","53,46",60,NA
"61",61,"2024-04-08 12:26:58","2024-04-08 12:48:58",NA,NA,"canceled",1471,"Odesa",46.50319,30.700489,5.67,"Standart","Card",6,"1665","51.34",157,NA
"62",62,"29.04.2024 13:38","2024-04-29 14:17:19","2024-04-29 15:13:19","29.04.2024 15:33","delivered",3373,"Lviv",49.873923,23.910102,17.68,"  EXPRESS","COD",4,"3 202","113.04",189,NA
"63",63,"2024-04-17 13:58:33",NA,NA,NA,"canceled",3164,"Kyiv",50.328824,30.404818,1.12,"Express","Card",1,"4262","-63.36",48,NA
"64",64,"2024-04-26 08:15:22","26.04.2024 08:31","2024-04-26 09:07:22","2024-04-26 09:36:22","delivered",2270,"Kyiv",50.410633,30.381079,3.22,"Standart","COD",2,"1722","46.44",53,"liquid"
"65",65,"15.04.2024 03:38","2024-04-15 04:38:37","2024-04-15 05:24:37",NA,"picked",1299,"Odesa",46.443016,30.707673,13.69,"Express","COD",1,"4794","101.07",49,"liquid"
"66",66,"2024-04-04 12:42:04","2024-04-04 13:21:04",NA,NA,"assigned",2392,"Odesa",46.42987,30.631526,11.86,"Standart","Card",1,"3295","63.72",144,NA
"67",67,"2024-04-06 04:30:04","06.04.2024 05:04","2024-04-06 05:33:04",NA,"picked",3487,"Lviv",49.784355,23.970976,6.77,"Express","Card",1,"4504","80.31",149,NA
"68",68,"2024-04-14 14:34:59","2024-04-14 15:31:59","14.04.2024 15:57","2024-04-14 16:21:59","delivered",1987,"Lviv",49.813833,23.954033,15.18,"Express","Card",2,"2173","105.54",161,"fragile"
"69",69,"2024-04-05 14:26:08",NA,NA,NA,"created",3642,"Kyiv",50.301864,30.530725,13.61,"Standart","COD",1,"2036","67,22",123,NA
"70",70,"03.04.2024 23:59",NA,NA,NA,"canceled",2637,"Lviv",49.825926,23.925773,14.25,"Express","COD",6,"1379","102.75",25,NA
"71",71,"2024-04-19 07:32:28","19.04.2024 08:07",NA,NA,"assigned",3031,"Odesa",46.555737,30.636914,18.97,"Standart","Card",1,"2842","77.94",77,NA
"72",343,"2024-04-29 16:19:53","29.04.2024 16:32",NA,"2024-04-29 17:41:53","delivered",2434,"Lviv",49.839825,23.911713,22.89,"Express","Card",1,"3608","128.67",127,"fragile"
"73",73,"2024-04-22 05:04:29","2024-04-22 05:48:29",NA,NA,"assigned",2454,"Kyiv",50.303038,30.423014,14.42,"  EXPRESS","Card",3,"2965","103,26",61,"fragile"
"74",74,"2024-04-15 09:15:54","2024-04-15 09:30:54","2024-04-15 10:26:54","2024-04-15 11:23:54","delivered",553,"Lviv",49.77394,24.015124,7.04,"Standart","Card",4,"5993","54.08",34,"liquid"
"75",75,"17.04.2024 13:29","2024-04-17 13:57:01",NA,NA,"canceled",3609,"Kyiv",50.403799,30.684443,24.14,"Standart","COD",4,"2237","88.28",1,NA
"76",76,"2024-04-03 21:24:41",NA,NA,NA,"created",2693,"Odesa",46.46069,30.651868,23.99,"Standart","Card",3,"4656","87.98",154,NA
"77",77,"2024-04-19 07:53:49","19.04.2024 08:31",NA,NA,"assigned",3604,"Odesa",46.453563,30.742909,13.15,"Express","Card",1,"2109","99.45",197,NA
"78",78,"2024-04-11 19:13:11","2024-04-11 20:07:11","11.04.2024 20:31",NA,"picked",459,"Odesa",46.325194,30.726566,13.93,"Express","Card",4,"2718","101.79",194,NA
"79",79,"2024-04-12 13:06:07","2024-04-12 13:44:07",NA,"2024-04-12 14:45:07","delivered",2338,"Lviv",49.798839,24.021325,2.74,"Express","Card",2,"1887","68.22",192,"sharp"
"80",80,"2024-04-06 02:35:25","2024-04-06 03:30:25","2024-04-06 04:30:25",NA,"picked",278,"Kyiv",50.305268,30.474115,19.28,"Express","Card",5,"4664","117.84",144,"perishable"
"81",81,"03.04.2024 18:37",NA,NA,NA,"assigned",1715,"Kyiv",50.533751,30.740279,12.19,"Standart","COD",1,"1427","64.38",171,NA
"82",50,"2024-04-24 19:32:32","2024-04-24 20:18:32","2024-04-24 20:59:32","2024-04-24 21:54:32","delivered",697,"Lviv",49.865035,24.00969,15.28,"  STANDART","Card",6,"565","70.56",81,NA
"83",83,"2024-04-30 09:59:31","2024-04-30 10:33:31","2024-04-30 11:10:31","2024-04-30 11:39:31","delivered",1206,"Lviv",49.859806,23.983504,7.69,"Standart","Card",4,"5701","55.38",152,NA
"84",84,"28.04.2024 00:18","2024-04-28 00:37:50",NA,NA,"canceled",8,"Kyiv",50.38035,30.644974,25.61,"Standart","Card",6,"315","91.22",146,NA
"85",85,"2024-04-18 20:53:14",NA,NA,NA,"created",1962,"Odesa",46.492323,30.667992,23.7,"Standart","COD",4,"962","87.4",62,"perishable"
"86",86,"2024-04-28 22:41:16","2024-04-28 23:39:16",NA,NA,"assigned",3420,"Lviv",49.783769,23.971877,12.33,"Standart","COD",6,"1381","64.66",136," "
"87",87,"2024-04-11 21:43:32",NA,NA,NA,"created",3728,"Odesa",46.40217,30.721275,17.83,"Standart","Card",2,"5017","0",69,"fragile"
"88",88,"2024-04-04 05:32:11","2024-04-04 06:28:11",NA,NA,"assigned",2334,"Kyiv",50.279709,30.617104,9.02,"Express","Card",3,"1099","87.06",32,NA
"89",89,"2024-04-08 22:08:19","08.04.2024 23:01",NA,NA,"assigned",1198,"Kyiv",50.402109,30.55211,16.78,"Express","COD",3,"3 219","110.34",65,"perishable"
"90",90,"2024-04-06 03:15:35",NA,NA,NA,"created",2534,"Kyiv",50.291487,30.682609,14.23,"Express","COD",4,"4253","0,00",76,NA
"91",91,"2024-04-19 08:27:58","2024-04-19 09:08:58",NA,NA,"canceled",3026,"Lviv",49.789969,24.014334,24.54,"Express","COD",5,"2672","133.62",181,NA
"92",92,"2024-04-25 21:04:12","2024-04-25 21:57:12","2024-04-25 22:41:12","2024-04-25 23:35:12","delivered",2007,"Kyiv",50.519889,30.321627,11.91,"  STANDART","COD",5,"2707","63.82",80,NA
"93",93,"2024-04-17 10:50:08","2024-04-17 11:14:08",NA,NA,"assigned",3700,"Lviv",49.833818,24.066245,17.03,"Express","COD",5,"1874","111.09",103,"fragile"
"94",94,"2024-04-20 02:37:15","2024-04-20 03:13:15",NA,NA,"canceled",3946,"Lviv",49.860971,24.088231,25.18,"  STANDART","Card",3,"1 576","0",112,"fragile"
"95",95,"22.04.2024 10:22","2024-04-22 11:10:56",NA,NA,"assigned",151,"Kyiv",50.29919,30.582121,7.87,"Express","COD",6,"931","83.61",26,NA
"96",96,"2024-04-08 15:26:29",NA,NA,NA,"created",1280,"ODESA  ",46.451763,30.644082,16.83,"Standart","Card",5,"5116","73.66",81,"sharp"
"97",97,"2024-04-22 11:02:22",NA,NA,NA,"created",2617,"Kyiv",50.50134,30.717506,11.43,"Standart","COD",2,"5210","62.86",22,NA
"98",98,"2024-04-14 12:16:07","2024-04-14 13:03:07","2024-04-14 13:32:07",NA,"picked",2688,"Odesa",46.369124,30.721411,1.81,"Standart","Card",4,"1678","43.62",111,NA
"99",99,"2024-04-14 22:00:55","2024-04-14 22:18:55",NA,NA,"assigned",3800,"Odesa",46.427641,30.626837,15.94,"Express","COD",2,"4849","107.82",121,"fragile"
"100",100,"2024-04-30 08:15:03","2024-04-30 08:26:03","2024-04-30 09:15:03",NA,"picked",1917,"Kyiv",50.38985,30.751334,20.12,"Standart","Card",5,"2290","80.24",183,"  liquid"
"101",101,"2024-04-18 17:37:32","18.04.2024 18:22",NA,NA,"assigned",3651,"Kyiv",50.555214,30.490753,19.7,"Express","Card",2,"3569","119.1",164,NA
"102",102,"2024-04-03 08:28:36",NA,NA,NA,"created",2236,"Lviv",49.7706,24.036789,19.9,"Express","COD",6,"3502","119.7",133,"fragile"
"103",103,"2024-04-24 05:26:46","2024-04-24 06:04:46",NA,NA,"canceled",3687,"Odesa",46.343279,30.744027,17.53,"Express","Card",4,"5493","112.59",152,NA
"104",104,"2024-04-12 10:49:52",NA,NA,NA,"created",3849,"Lviv",49.819988,24.092558,13.57,"Express","Card",4,"5776","100,71",115,"liquid"
"105",105,"2024-04-25 04:20:47","2024-04-25 04:48:47","2024-04-25 05:11:47",NA,"picked",2051,"Odesa",46.336334,30.758243,4.8,"Standart","cod  ",3,"2 913","49.6",83,NA
"106",262,"2024-04-28 17:25:00","2024-04-28 18:24:00",NA,NA,"canceled",3833,"Kyiv",50.48853,30.580172,11.29,"  EXPRESS","COD",1,"2438","93.87",51,NA
"107",107,"2024-04-24 23:18:31",NA,NA,NA,"created",2524,"Kyiv",50.396106,30.485613,6.55,"Standart","COD",3,"4839","53.1",72,"fragile"
"108",108,"2024-04-09 19:53:34","2024-04-09 20:04:34",NA,NA,"canceled",384,"Lviv",49.816893,23.95811,13.99,"Standart","Card",6,"5796","67.98",191,NA
"109",109,"2024-04-02 03:52:17",NA,"2024-04-02 05:16:17","2024-04-02 06:07:17","delivered",2893,"Odesa",46.516042,30.684192,0.88,"Standart","COD",2,"4071","41.76",190,"perishable"
"110",110,"2024-04-21 17:34:02","2024-04-21 17:58:02",NA,NA,"canceled",399,"Kyiv",50.529003,30.62526,9.66,"Express","Card",1,"1260","88.98",154,NA
"111",111,"2024-04-23 14:03:13",NA,NA,NA,"created",176,"Lviv",49.80998,23.913104,1.99,"Express","Card",6,"238","65.97",118,NA
"112",112,"22.04.2024 04:44","2024-04-22 05:20:40",NA,NA,"canceled",328,"Kyiv",50.349827,30.73344,2.11,"Express","Card",4,"980","66.33",57,NA
"113",113,"2024-04-27 07:51:46",NA,NA,NA,"created",1560,"Odesa",46.485153,30.730171,16.66,"Express","COD",3,"3774","109,98",74,NA
"114",114,"2024-04-11 01:53:30",NA,NA,NA,"canceled",339,"Odesa",46.360516,30.744666,24.52,"Express","COD",3,"3501","133,56",62,"perishable"
"115",115,"2024-04-04 10:45:57","04.04.2024 11:07",NA,NA,"canceled",1439,"Odesa",46.406638,30.715927,1.18,"Standart","COD",2,"191","42.36",141,"sharp"
"116",116,"08.04.2024 22:33","2024-04-08 23:07:18","2024-04-08 23:48:18",NA,"picked",1745,"Kyiv",50.554506,30.340433,0.45,"Standart","Card",1,"253","40.9",141,NA
"117",117,"2024-04-30 23:35:00","2024-05-01 00:08:00","2024-05-01 00:44:00","2024-05-01 01:42:00","delivered",2697,"Odesa",46.479503,30.701093,25.05,"Standart","COD",3,"1764","90.1",10,"sharp"
"118",118,"2024-04-29 07:09:32",NA,NA,NA,"created",3198,"Kyiv",50.336434,30.333977,24.94,"Standart","COD",6,"3223","89.88",123,NA
"119",119,"2024-04-08 11:42:53",NA,NA,NA,"created",141,"Lviv",49.816845,24.021927,1.37,"Standart","Card",4,"5336","42.74",122,NA
"120",120,"2024-04-20 10:44:19",NA,NA,NA,"created",3130,"Kyiv",50.474915,30.72284,3.89,"Standart","COD",3,"3006","47.78",194,"sharp"
"121",121,"2024-04-04 09:03:24","2024-04-04 09:33:24","2024-04-04 09:57:24","2024-04-04 10:54:24","delivered",3967,"Odesa",46.419873,30.752748,4.65,"Standart","Card",4,"2001","49.3",185,NA
"122",122,"2024-04-19 22:33:42","2024-04-19 23:03:42","2024-04-19 23:49:42","2024-04-20 00:19:42","delivered",2834,"Lviv",49.795326,24.039373,9.76,"Express","Card",3,"494","89.28",180,NA
"123",123,"11.04.2024 03:35","2024-04-11 04:13:27",NA,NA,"canceled",967,"Lviv",49.880425,24.047076,10.64,"Standart","Card",5,"5837","61,28",51,"perishable"
"124",124,"2024-04-20 14:53:01",NA,NA,NA,"created",2610,"Kyiv",50.292475,30.67386,4.41,"Standart","COD",3,"474","48.82",47,"liquid"
"125",125,"2024-04-09 13:48:39","09.04.2024 14:19","2024-04-09 15:10:39","2024-04-09 15:57:39","delivered",3302,"Kyiv",50.296972,30.740291,13.89,"Standart","COD",1,"4884","67.78",145,"perishable"
"126",126,"2024-04-03 12:03:04",NA,"03.04.2024 13:05",NA,"picked",2380,"Lviv",49.8727,23.981524,20.75,"Standart","Card",4,"4884","81,50",83,NA
"127",127,"2024-04-03 01:03:58",NA,"2024-04-03 02:11:58",NA,"picked",849,"Lviv",49.884124,24.071892,2.21,"Express","Card",2,"2 763","66.63",109,"sharp"
"128",128,"2024-04-20 14:54:08","2024-04-20 15:51:08","2024-04-20 16:45:08",NA,"picked",152,"Lviv",49.86865,24.004394,19.06,"Express","COD",1,"5662","117.18",168,"  liquid"
"129",129,"2024-04-04 13:10:50","2024-04-04 14:04:50",NA,NA,"assigned",435,"Kyiv",50.291327,30.363866,15.39,"Express","Card",1,"1804","106.17",155,"sharp"
"130",130,"2024-04-01 19:35:14",NA,NA,NA,"canceled",1963,"Kyiv",50.316309,30.622477,4.03,"Express","Card",6,"1956","72.09",81,NA
"131",131,"08.04.2024 00:10","2024-04-08 01:03:35",NA,NA,"assigned",3434,"Lviv",49.780005,24.04996,23.81,"Express","Card",2,"4811","131.43",117,"liquid"
"132",132,"02.04.2024 00:58",NA,"2024-04-02 02:10:00",NA,"picked",1551,"Lviv",49.784725,24.029218,4.05,"Standart","Card",4,"5120","48.1",6,NA
"133",133,"2024-04-08 09:45:10","2024-04-08 10:07:10",NA,NA,"picked",1481,"Odesa",46.410797,30.731286,20.65,"Express","Card",6,"505","121.95",16,"liquid"
"134",134,"2024-04-17 17:33:08","2024-04-17 17:53:08","2024-04-17 18:43:08",NA,"picked",2297,"Odesa",46.526702,30.739477,22.7,"Standart","COD",6,"1 026","85.4",199,NA
"135",135,"2024-04-08 04:38:23",NA,NA,NA,"created",2415,"Kyiv",50.303272,30.307092,15.37,"Express","COD",3,"819","106,11",134,NA
"136",136,"2024-04-24 10:37:28","2024-04-24 11:23:28",NA,"2024-04-24 12:36:28","delivered",999,"Kyiv",50.394075,30.296665,9.36,"Express","COD",3,"543","88.08",159,"perishable"
"137",137,"2024-04-25 07:33:48","2024-04-25 08:26:48",NA,NA,"canceled",878,"Odesa",46.517744,30.698143,0.63,"Standart","Card",5,"831","41.26",171,"perishable"
"138",138,"2024-04-04 03:27:31","04.04.2024 03:59",NA,NA,"assigned",2655,"Kyiv",50.367713,30.506401,3.47,"Standart","COD",5,"1540","46.94",4,"perishable"
"139",139,"2024-04-10 03:39:05","2024-04-10 04:33:05",NA,NA,"canceled",2743,"Odesa",46.3402,30.678498,11.53,"Express","Card",1,"3412","94.59",107,NA
"140",140,"2024-04-07 23:18:33","2024-04-08 00:06:33",NA,NA,"delivered",935,"Kyiv",50.318839,30.424911,11.96,"Standart","COD",3,"3597","63,92",113,"fragile"
"141",141,"2024-04-03 22:25:24",NA,NA,NA,"created",1397,"Odesa",46.400864,30.725302,14.23,"Express","Card",5,"164","102.69",184,"sharp"
"142",142,"02.04.2024 07:06",NA,NA,NA,"assigned",2269,"Odesa",46.553284,30.76004,1.4,"Standart","Card",4,"3983","42.8",135,"perishable"
"143",143,"2024-04-14 15:34:30","2024-04-14 15:53:30",NA,NA,"assigned",1547,"Kyiv",50.464312,30.305889,14.86,"Standart","COD",2,"1286","69.72",96,"liquid"
"144",144,"2024-04-12 05:39:59",NA,NA,NA,"created",3760,"Lviv",49.831191,23.988677,10.32,"Standart","COD",4,"5330","60.64",182,NA
"145",145,"2024-04-25 08:51:01","25.04.2024 09:32",NA,NA,"canceled",1142,"Kyiv",50.482557,30.371171,24.63,"Standart","COD",5,"3 740","89.26",164,NA
"146",146,"2024-04-12 16:31:39","2024-04-12 16:56:39","2024-04-12 17:35:39","2024-04-12 18:18:39","delivered",2113,"Kyiv",50.260214,30.609643,16.14,"Express","COD",1,"2254","108.42",139,"perishable"
"147",147,"2024-04-16 04:53:45","2024-04-16 05:16:45","2024-04-16 05:26:45",NA,"picked",3732,"Lviv",49.802653,23.956011,2.57,"Standart","COD",1,"4510","45.14",131,"perishable"
"148",296,"08.04.2024 08:35","2024-04-08 09:17:40",NA,NA,"assigned",3446,"Lviv",49.797347,24.053617,8.67,"  Standart","Card",4,"163","57.34",147,"perishable"
"149",149,"2024-04-24 10:25:08","24.04.2024 10:50","2024-04-24 11:04:08",NA,"picked",1762,"Odesa",46.495548,30.714809,23.7,"Standart","COD",3,"5611","87,40",118,"fragile"
"150",150,"2024-04-08 02:15:17","2024-04-08 02:26:17","2024-04-08 03:17:17","2024-04-08 03:53:17","delivered",3016,"Kyiv",50.292328,30.556574,25.13,"Express","COD",4,"1 606","135.39",162,"fragile"
"151",151,"2024-04-16 20:56:12","2024-04-16 21:53:12","2024-04-16 22:49:12","2024-04-16 23:13:12","delivered",2827,"Kyiv",50.468288,30.462049,11.11,"Express","COD",2,"299","93.33",105,"fragile"
"152",152,"2024-04-16 06:34:58","2024-04-16 07:18:58",NA,NA,"assigned",429,"Odesa",46.479824,30.650179,14.88,"Express","COD",3,"5744","104.64",151,NA
"153",153,"01.04.2024 15:47",NA,"01.04.2024 17:01",NA,"picked",2573,"Kyiv",50.43663,30.728364,11.83,"Express","COD",2,"5159","95.49",37," "
"154",154,"2024-04-12 23:50:22","2024-04-13 00:20:22",NA,NA,"assigned",816,"Kyiv",50.315468,30.313027,17.46,"Standart","COD",2,"1743","74,92",37,NA
"155",155,"2024-04-05 16:53:42",NA,NA,NA,"canceled",121,"Lviv",49.837111,23.952598,19.7,"Standart","COD",6,"3612","79.4",45,NA
"156",156,"2024-04-28 09:27:35",NA,NA,NA,"canceled",1747,"Lviv",49.770291,24.046357,5.27,"Express","Card",2,"3724","75.81",181,NA
"157",157,"2024-04-14 03:31:02","2024-04-14 04:24:02",NA,NA,"assigned",317,"Kyiv",50.507287,30.304333,13.12,"Standart","Card",2,"766","66.24",163,"fragile"
"158",158,"2024-04-22 19:56:03","2024-04-22 20:47:03",NA,NA,"picked",1974,"Odesa",46.365905,30.657371,5.55,"Express","Card",2,"1354","76.65",28,NA
"159",159,"2024-04-25 18:43:55","25.04.2024 19:37",NA,NA,"assigned",3255,"Lviv",49.875378,23.937141,23.31,"Standart","COD",1,"1550","86,62",149,NA
"160",312,"2024-04-30 14:35:22","30.04.2024 15:16",NA,NA,"assigned",2856,"Kyiv",50.397369,30.689668,0.68,"Standart","Card",6,"2392","41,36",23,"sharp"
"161",161,"2024-04-29 05:39:30",NA,NA,NA,"created",3341,"Odesa",46.365227,30.660381,15.53,"Express","Card",5,"4802","106,59",140,NA
"162",162,"2024-04-07 20:11:44","2024-04-07 21:05:44","2024-04-07 21:25:44",NA,"picked",3191,"Odesa",46.394187,30.732634,5.15,"Express","COD",1,"1 605","0",76,"sharp"
"163",163,"2024-04-26 20:03:54","2024-04-26 20:24:54","2024-04-26 21:07:54",NA,"picked",2898,"Kyiv",50.347188,30.415918,21.34,"Standart","COD",6,"5354","82.68",43,NA
"164",164,"2024-04-15 23:16:46","15.04.2024 23:58",NA,NA,"picked",2841,"LVIV  ",49.788225,24.083797,7.1,"Standart","Card",5,"1213","54.2",143,NA
"165",165,"2024-04-27 15:54:22","2024-04-27 16:41:22","2024-04-27 17:09:22",NA,"picked",3326,"Odesa",46.415018,30.715156,14.47,"Standart","COD",6,"798","68,94",36,"fragile"
"166",166,"2024-04-25 02:53:16",NA,NA,NA,"canceled",871,"Kyiv",50.467441,30.460965,7.53,"Standart","COD",3,"2 299","55.06",135,NA
"167",167,"2024-04-11 04:34:40","2024-04-11 04:59:40","2024-04-11 05:44:40",NA,"delivered",718,"Odesa",46.556464,30.71095,22.25,"Standart","Card",1,"1649","84.5",111,NA
"168",168,"2024-04-21 14:16:59","2024-04-21 14:46:59",NA,NA,"assigned",3830,"Lviv",49.833845,24.062901,7.08,"Standart","Card",5,"5 803","54.16",82,NA
"169",169,"2024-04-14 10:38:12","2024-04-14 11:25:12",NA,NA,"canceled",1687,"Odesa",46.527772,30.709391,8.64,"Express","COD",3,"4116","85,92",192,"fragile"
"170",170,"2024-04-05 02:29:13","2024-04-05 03:08:13",NA,NA,"assigned",130,"Lviv",49.840583,23.975494,19,"Standart","COD",5,"207","78",136,NA
"171",171,"2024-04-14 05:10:18","14.04.2024 06:06","2024-04-14 06:22:18","2024-04-14 07:17:18","delivered",2370,"Kyiv",50.260862,30.366265,6.26,"Express","COD",3,"5876","78.78",133,NA
"172",172,"2024-04-26 11:50:09","26.04.2024 12:31","2024-04-26 13:00:09","2024-04-26 13:41:09","delivered",3708,"Odesa",46.520307,30.70007,7.1,"Standart","COD",3,"833","54.2",107,"fragile"
"173",173,"2024-04-24 20:48:25","24.04.2024 21:44","2024-04-24 22:42:25",NA,"picked",542,"Lviv",49.83201,24.005222,9.69,"Express","COD",6,"5832","89.07",190,"sharp"
"174",174,"01.04.2024 04:57",NA,"2024-04-01 06:16:32","2024-04-01 06:33:32","delivered",2944,"Odesa",46.445814,30.646832,4.33,"Express","COD",2,"118","72.99",84,NA
"175",175,"2024-04-14 12:38:21",NA,NA,NA,"canceled",33,"Kyiv",50.263605,30.67183,21.94,"Standart","Card",4,"704","-83.88",101,NA
"176",176,"2024-04-21 19:49:44","2024-04-21 20:48:44","2024-04-21 21:15:44","2024-04-21 22:03:44","delivered",1312,"Kyiv",50.484177,30.513287,1.82,"Express","Card",2,"2860","65.46",112,"perishable"
"177",177,"2024-04-27 21:02:22",NA,NA,NA,"created",2734,"Odesa",46.371319,30.647792,14.61,"Express","Card",1,"5268","103.83",29,NA
"178",178,"2024-04-07 14:08:06","2024-04-07 15:05:06",NA,NA,"canceled",2781,"Odesa",46.422098,30.626221,25.69,"Express","COD",3,"1483","137,07",189,NA
"179",179,"2024-04-01 07:21:10",NA,NA,NA,"canceled",2715,"Lviv",49.83944,23.950293,14.87,"Standart","Card",4,"408","69.74",183,NA
"180",180,"2024-04-27 09:05:15","2024-04-27 09:27:15","2024-04-27 09:45:15","2024-04-27 10:12:15","delivered",3129,"Odesa",46.528469,30.711251,10.27,"Express","COD",6,"5737","90.81",18,"perishable"
"181",181,"2024-04-08 20:48:01","2024-04-08 21:20:01","2024-04-08 21:50:01","2024-04-08 22:33:01","delivered",221,"Kyiv",50.482542,30.521687,24.72,"Express","COD",2,"146","134.16",27,"fragile"
"182",132,"2024-04-02 00:58:00",NA,"2024-04-02 02:10:00",NA,"picked",1551,"LVIV",49.784725,24.029218,4.05,"  Standart","Card",4,"5120","48.1",6,NA
"183",183,"2024-04-19 15:37:52","2024-04-19 15:59:52","2024-04-19 16:59:52",NA,"picked",814,"Odesa",46.445975,30.76738,13.26,"Express","COD",3,"4002","99.78",137,"perishable"
"184",184,"2024-04-22 17:08:43",NA,NA,NA,"created",1723,"Kyiv",50.408386,30.728874,4.62,"Standart","Card",2,"4561","49,24",51,NA
"185",269,"2024-04-13 10:08:42","2024-04-13 11:06:42","2024-04-13 11:36:42","2024-04-13 11:54:42","delivered",3390,"Kyiv",50.484638,30.325252,19.24,"Express","COD",2,"4131","-117.72",2,NA
"186",186,"2024-04-18 17:18:03","2024-04-18 18:08:03","2024-04-18 19:07:03",NA,"picked",1377,"Odesa",46.423358,30.733235,2.11,"Standart","COD",4,"1062","44.22",161,"perishable"
"187",187,"2024-04-22 09:35:45","22.04.2024 10:26",NA,NA,"assigned",1823,"Odesa",46.413905,30.771114,12.12,"Express","Card",5,"4947","96.36",93,"fragile"
"188",188,"2024-04-26 14:59:17",NA,NA,NA,"created",1578,"KYIV  ",50.417947,30.506838,8.1,"Standart","COD",5,"1049","56.2",117,"fragile"
"189",189,"2024-04-22 19:15:19","2024-04-22 19:56:19","2024-04-22 20:24:19","2024-04-22 20:38:19","delivered",183,"Kyiv",50.312051,30.561784,1.4,"Standart","Card",2,"2838","42.8",117,"sharp"
"190",190,"2024-04-24 06:37:16","2024-04-24 06:54:16","2024-04-24 07:19:16",NA,"picked",3308,"Lviv",49.784548,23.966974,23.01,"Standart","COD",4,"1218","86.02",128,NA
"191",191,"2024-04-05 00:35:28","2024-04-05 00:52:28","2024-04-05 01:29:28",NA,"picked",1609,"Lviv",49.876863,24.084491,6.01,"Standart","COD",4,"2 053","52.02",146,"sharp"
"192",192,"2024-04-05 23:11:44","2024-04-05 23:39:44","2024-04-06 00:13:44","06.04.2024 01:12","delivered",468,"Kyiv",50.282393,30.308689,2.94,"Express","Card",5,"473","68.82",185,"liquid"
"193",193,"2024-04-23 06:13:15","2024-04-23 06:26:15","2024-04-23 07:17:15",NA,"picked",698,"Odesa",46.422736,30.745516,17.45,"Express","Card",3,"3332","112.35",134,NA
"194",365,"2024-04-09 02:07:53","09.04.2024 03:06",NA,NA,"canceled",3186,"Odesa",46.469902,30.738354,25.1,"STANDART","COD",3,"2144","90.2",166,"  sharp"
"195",195,"2024-04-23 05:04:17","2024-04-23 05:30:17",NA,NA,"canceled",2047,"Lviv",49.828433,24.002779,18.4,"Standart","COD",3,"3535","76.8",170,"fragile"
"196",196,"2024-04-22 04:22:49","2024-04-22 05:12:49","2024-04-22 05:29:49",NA,"picked",2913,"Lviv",49.885006,24.039899,5.89,"Express","Card",4,"4715","77.67",116,NA
"197",197,"2024-04-08 04:37:50","2024-04-08 05:17:50",NA,NA,"canceled",2412,"Lviv",49.860596,23.930032,20.72,"Standart","Card",5,"2170","81.44",5,NA
"198",198,"18.04.2024 23:46","2024-04-19 00:40:56",NA,NA,"assigned",1621,"Odesa",46.550706,30.716323,20.16,"Standart","COD",1,"461","80.32",114,"sharp"
"199",199,"2024-04-28 20:19:17",NA,NA,NA,"created",226,"Odesa",46.535183,30.765287,1.41,"Standart","Card",6,"2 865","42,82",103,NA
"200",397,"09.04.2024 14:34",NA,NA,NA,"canceled",2372,"Lviv",49.787683,24.007387,22.55,"Standart","COD",3,"3167","85.1",166,"liquid"
"201",201,"2024-04-29 17:02:33","2024-04-29 17:27:33",NA,NA,"assigned",2211,"Kyiv",50.355443,30.720791,18.74,"Express","Card",1,"5 950","116,22",160,NA
"202",202,"2024-04-03 11:36:35",NA,NA,NA,"assigned",3686,"Lviv",49.792613,24.058687,6.93,"  EXPRESS","Card",3,"2877","0",149,NA
"203",203,"2024-04-22 07:47:14","22.04.2024 08:36",NA,NA,"assigned",3695,"Kyiv",50.479087,30.430172,204.56,"Express","COD",2,"3724","136.71",142,"fragile"
"204",204,"2024-04-10 19:26:18","2024-04-10 19:37:18",NA,NA,"assigned",3958,"Odesa",46.49579,30.660974,7.12,"Standart","card  ",4,"2754","54.24",173,NA
"205",205,"2024-04-30 20:55:12",NA,NA,NA,"canceled",1472,"Odesa",46.461312,30.734918,12.73,"Standart","Card",4,"205","65.46",159,NA
"206",206,"2024-04-14 11:39:20","2024-04-14 12:13:20",NA,NA,"assigned",2775,"Lviv",49.801226,24.074125,21.86,"Standart","Card",3,"3 509","83.72",87,NA
"207",207,"2024-04-21 18:08:44",NA,NA,NA,"canceled",1287,"Lviv",49.772761,23.910331,9.11,"Express","Card",5,"5265","87,33",149,NA
"208",208,"2024-04-27 16:05:48","27.04.2024 16:20",NA,NA,"assigned",2177,"Odesa",46.482406,30.669511,18.34,"Express","COD",5,"2827","115.02",47,NA
"209",209,"2024-04-16 22:56:11",NA,NA,NA,"canceled",2707,"ODESA  ",46.352172,30.748635,9.15,"Express","COD",2,"3585","87.45",123,NA
"210",210,"02.04.2024 12:26",NA,NA,NA,"created",3568,"Odesa",46.521958,30.734024,18.19,"Standart","COD",1,"5563","76.38",121,"liquid"
"211",211,"07.04.2024 16:38","2024-04-07 16:53:50","07.04.2024 17:29","2024-04-07 18:12:50","delivered",400,"Odesa",46.539908,30.655808,3.52,"Express","Card",6,"2951","70.56",132,"sharp"
"212",212,"2024-04-18 21:33:28","2024-04-18 22:26:28",NA,NA,"assigned",3699,"Odesa",46.331947,30.724567,24.78,"Express","Card",4,"3765","134.34",77,NA
"213",213,"10.04.2024 19:04","2024-04-10 19:54:51",NA,NA,"canceled",32,"Lviv",49.869827,23.918395,51.36,"Express","COD",3,"4504","79.26",116,"perishable"
"214",214,"2024-04-16 05:41:00","2024-04-16 06:27:00","2024-04-16 07:05:00",NA,"picked",3109,"Odesa",46.435545,30.648715,11.62,"Express","COD",2,"1565","94.86",83,NA
"215",215,"2024-04-10 21:45:33","2024-04-10 22:38:33",NA,NA,"canceled",2166,"Kyiv",30.488975,50.498364,2.81,"Express","COD",1,"3193","68.43",71,"liquid"
"216",216,"2024-04-21 20:21:59",NA,NA,NA,"created",3924,"Kyiv",50.46673,30.389132,15.35,"Standart","COD",6,"2981","70.7",65,"fragile"
"217",217,"2024-04-30 17:01:52","2024-04-30 17:49:52",NA,NA,"assigned",3722,"Lviv",49.774762,23.941046,24.22,"Standart","COD",5,"4183","88.44",109,NA
"218",218,"21.04.2024 10:16","2024-04-21 11:10:02",NA,NA,"assigned",1928,"Odesa",46.392154,30.710441,18.27,"Standart","Card",5,"4518","76.54",53,"liquid"
"219",219,"2024-04-27 09:51:39","2024-04-27 10:37:39","2024-04-27 11:11:39","2024-04-27 11:21:39","delivered",832,"Odesa",46.486802,30.681731,13.8,"Express","COD",5,"1793","101.4",191,NA
"220",220,"15.04.2024 13:39","2024-04-15 14:25:25",NA,NA,"assigned",1471,"Lviv",49.774118,23.917029,2.14,"Express","COD",4,"2562","66.42",57,NA
"221",221,"2024-04-22 04:24:10",NA,NA,NA,"created",2963,"Kyiv",50.375007,30.73673,22.88,"Standart","card  ",6,"308","85.76",62,NA
"222",222,"2024-04-21 16:07:38","2024-04-21 16:53:38","2024-04-21 17:53:38","2024-04-21 18:17:38","delivered",3670,"Kyiv",50.532176,30.353653,25.56,"Express","COD",1,"5070","136.68",169,"liquid"
"223",223,"2024-04-15 01:14:28",NA,NA,NA,"canceled",1366,"Lviv",49.78385,24.094102,25.45,"Express","COD",2,"4706","136.35",5,NA
"224",224,"2024-04-02 19:55:37",NA,NA,NA,"assigned",2982,"Lviv",49.851167,24.085518,25.21,"Standart","COD",6,"3243","90.42",69,NA
"225",225,"2024-04-09 09:23:32","2024-04-09 10:22:32",NA,NA,"canceled",1245,"Lviv",49.834013,24.092276,8.17,"Standart","COD",6,"3161","56.34",144,NA
"226",226,"2024-04-17 22:58:25","2024-04-17 23:31:25",NA,NA,"canceled",2670,"Kyiv",50.549427,30.401298,9.73,"Express","Card",2,"5208","89.19",91,NA
"227",227,"07.04.2024 20:31","2024-04-07 21:29:25","2024-04-07 22:13:25","2024-04-07 22:54:25","delivered",180,"Odesa",46.413286,30.650477,13.98,"Standart","Card",6,"3316","67.96",67,"fragile"
"228",228,"2024-04-30 15:32:33",NA,NA,NA,"created",1305,"Odesa",46.323606,30.765906,12.28,"Express","COD",3,"2171","96.84",75,NA
"229",229,"09.04.2024 17:41","2024-04-09 18:27:58","2024-04-09 19:20:58","2024-04-09 19:59:58","delivered",29,"Kyiv",50.311059,30.455564,19.59,"Standart","Card",4,"5758","79.18",77,NA
"230",230,"2024-04-09 07:55:50","2024-04-09 08:39:50","09.04.2024 08:54",NA,"picked",3089,"Lviv",49.789413,24.001657,12.43,"Express","Card",4,"2178","97.29",147,"sharp"
"231",231,"2024-04-11 19:23:38","2024-04-11 19:41:38",NA,NA,"assigned",2279,"Odesa",46.350473,30.7694,10.35,"  STANDART","Card",6,"642","60.7",20,NA
"232",159,"2024-04-25 18:43:55","25.04.2024 19:37",NA,NA,"assigned",3255,"LVIV",49.875378,23.937141,23.31,"Standart","cod",1,"1550","86.62",149,NA
"233",233,"2024-04-01 09:03:36",NA,NA,NA,"canceled",199,"Lviv",49.799918,23.977449,13.77,"Express","COD",6,"3142","101.31",157,"perishable"
"234",234,"2024-04-08 12:37:26",NA,NA,NA,"created",1926,"ODESA  ",46.425786,30.630969,21.44,"Express","COD",3,"5233","124.32",111,NA
"235",235,"2024-04-07 01:05:31","2024-04-07 01:49:31","2024-04-07 02:22:31","2024-04-07 03:16:31","delivered",1477,"Odesa",46.46375,30.746871,7.11,"Standart","Card",6,"3 965","54.22",94,NA
"236",236,"2024-04-23 17:42:30","2024-04-23 18:13:30","2024-04-23 18:52:30","2024-04-23 19:14:30","delivered",848,"Kyiv",50.330199,30.64791,0.94,"Express","COD",3,"4132","62.82",2,NA
"237",237,"2024-04-27 06:36:14","27.04.2024 07:12","2024-04-27 07:56:14",NA,"picked",654,"Odesa",46.49608,30.730875,8.21,"Express","Card",2,"4118","84.63",75,"liquid"
"238",238,"2024-04-25 23:46:27","2024-04-26 00:17:27","2024-04-26 01:15:27","2024-04-26 02:08:27","delivered",2414,"Odesa",46.427323,30.72898,0.91,"Standart","Card",2,"3926","41.82",125,NA
"239",239,"2024-04-28 22:46:47","28.04.2024 23:08","2024-04-28 23:40:47","29.04.2024 00:40","delivered",1613,"Odesa",46.446088,30.733206,25.84,"Standart","Card",5,"1765","91.68",26,NA
"240",240,"2024-04-08 19:42:13","2024-04-08 20:30:13","2024-04-08 21:12:13","2024-04-08 21:42:13","delivered",353,"Kyiv",50.412547,30.759034,14.45,"Standart","Card",3,"3120","68.9",92,NA
"241",241,"2024-04-13 01:23:17","2024-04-13 02:14:17","2024-04-13 03:14:17","2024-04-13 03:59:17","delivered",3595,"Odesa",46.392485,30.716711,16.55,"Standart","COD",1,"843","73,10",99,"liquid"
"242",242,"2024-04-17 10:53:29","17.04.2024 11:19",NA,NA,"picked",3312,"Kyiv",50.531081,30.488272,19.86,"Express","Card",1,"3540","119.58",148,NA
"243",243,"2024-04-13 21:45:05","2024-04-13 21:55:05","2024-04-13 22:41:05","2024-04-13 23:01:05","delivered",2443,"Lviv",49.788742,24.000752,7.43,"Express","COD",5,"5207","82.29",130,"sharp"
"244",97,"2024-04-22 11:02:22",NA,NA,NA,"created",2617,"Kyiv",50.50134,30.717506,11.43,"Standart","COD",2,"5210","62.86",22,NA
"245",245,"2024-04-01 21:20:28",NA,"2024-04-01 22:12:28","2024-04-01 22:59:28","delivered",2414,"Kyiv",50.434211,30.630986,9.64,"Express","COD",6,"2927","88.92",105,NA
"246",246,"2024-04-11 17:23:24","2024-04-11 17:52:24","2024-04-11 18:33:24",NA,"picked",789,"Kyiv",50.54463,30.583369,13.03,"Standart","COD",2,"4 276","66.06",197,"fragile"
"247",247,"2024-04-26 13:33:29","2024-04-26 14:11:29",NA,NA,"assigned",3232,"Kyiv",50.486983,30.47384,15.72,"Standart","COD",2,"1605","71.44",188,NA
"248",248,"2024-04-10 10:02:24","2024-04-10 10:13:24",NA,NA,"assigned",1231,"Odesa",46.32384,30.63509,2.38,"Standart","COD",4,"3729","44.76",187,"fragile"
"249",249,"2024-04-03 22:05:36",NA,NA,NA,"created",3202,"Odesa",46.497446,30.682357,12.97,"Express","Card",6,"2765","98,91",45,"fragile"
"250",250,"2024-04-06 17:52:22",NA,NA,NA,"created",361,"Odesa",46.328705,30.718797,19.15,"Express","Card",5,"1064","117.45",120,"liquid"
"251",251,"2024-04-19 00:06:23","2024-04-19 00:26:23",NA,NA,"assigned",2427,"Lviv",49.798356,24.098314,3.46,"Express","COD",1,"4065","70.38",76,"sharp"
"252",252,"23.04.2024 14:10","2024-04-23 14:54:11","2024-04-23 15:45:11","23.04.2024 16:45","delivered",353,"Lviv",49.842847,24.057264,8.15,"Express","COD",2,"2819","84.45",181,NA
"253",253,"2024-04-12 23:01:03",NA,NA,NA,"created",1313,"Lviv",49.881891,24.073899,4.22,"Standart","Card",6,"1689","48.44",16,NA
"254",254,"2024-04-28 16:35:14","2024-04-28 16:56:14",NA,NA,"picked",3457,"KYIV  ",50.519768,30.363156,5.72,"Standart","COD",2,"1098","0,00",91,"liquid"
"255",255,"2024-04-19 15:45:36","2024-04-19 16:21:36","2024-04-19 16:33:36",NA,"picked",164,"Lviv",49.86688,24.028306,0.92,"Express","Card",4,"1108","62,76",120,NA
"256",256,"2024-04-26 10:15:30","2024-04-26 10:26:30",NA,NA,"canceled",1364,"Odesa",46.516812,30.716595,0.84,"Express","Card",5,"5445","62.52",144,"liquid"
"257",257,"2024-04-29 04:22:28","2024-04-29 04:39:28","2024-04-29 05:14:28","2024-04-29 05:32:28","delivered",2039,"Lviv",49.869227,23.988044,20.05,"Standart","COD",6,"1467","80.1",79,"sharp"
"258",258,"2024-04-23 01:49:57","2024-04-23 02:09:57",NA,NA,"assigned",1534,"Kyiv",50.330714,30.399179,5.31,"Express","COD",6,"3281","75.93",31,"liquid"
"259",259,"2024-04-13 12:36:50",NA,NA,NA,"created",3745,"Kyiv",50.316301,30.446677,17.1,"Express","Card",4,"432","111.3",85,NA
"260",260,"2024-04-16 03:49:04",NA,NA,NA,"canceled",2700,"Kyiv",50.456017,30.426451,12.76,"Express","Card",4,"4304","98.28",173,NA
"261",261,"2024-04-20 04:06:57","2024-04-20 04:18:57","2024-04-20 04:37:57","2024-04-20 05:28:57","delivered",1985,"Kyiv",30.719131,50.408011,11.58,"Standart","COD",1,"2725","63.16",98,"sharp"
"262",262,"28.04.2024 17:25","28.04.2024 18:24",NA,NA,"canceled",3833,"Kyiv",50.48853,30.580172,11.29,"Express","COD",1,"2438","93.87",51,NA
"263",263,"2024-04-13 05:54:23",NA,NA,NA,"created",2423,"Odesa",46.388867,30.62706,2.98,"Standart","card  ",4,"5175","45.96",154,"sharp"
"264",264,"2024-04-02 22:41:55",NA,"2024-04-02 23:23:55",NA,"picked",1808,"Kyiv",50.276809,30.644429,15.65,"Standart","Card",4,"3841","71.3",126,NA
"265",265,"2024-04-19 10:20:25","2024-04-19 10:53:25",NA,NA,"assigned",1034,"Odesa",46.538199,30.732426,8.56,"Standart","Card",2,"3478","57.12",105,NA
"266",266,"2024-04-02 11:23:55",NA,NA,NA,"created",2184,"Kyiv",50.440458,30.344179,6.01,"Standart","Card",2,"5929","52.02",25,NA
"267",267,"2024-04-15 06:45:58","2024-04-15 07:28:58",NA,NA,"assigned",2084,"Odesa",46.399759,30.72309,21.14,"Standart","Card",1,"5075","82.28",64,"perishable"
"268",268,"2024-04-01 06:57:01",NA,NA,NA,"created",3488,"Lviv",49.814305,24.109504,25.77,"Standart","COD",6,"2885","91.54",98,NA
"269",269,"2024-04-13 10:08:42","2024-04-13 11:06:42","2024-04-13 11:36:42","2024-04-13 11:54:42","delivered",3390,"Kyiv",50.484638,30.325252,19.24,"Express","COD",2,"4131","117.72",2,NA
"270",270,"2024-04-26 02:13:30",NA,NA,NA,"canceled",2177,"Lviv",49.787247,24.018186,10.08,"Express","Card",1,"1736","90.24",185,"sharp"
"271",271,"2024-04-03 22:31:48",NA,"2024-04-03 23:49:48","2024-04-04 00:21:48","delivered",684,"Kyiv",50.463951,30.540706,6.75,"Express","Card",5,"3706","80.25",191,"perishable"
"272",272,"30.04.2024 08:36","2024-04-30 09:31:07",NA,NA,"canceled",2616,"Lviv",49.791543,24.097147,22.63,"Standart","COD",1,"463","85.26",69,NA
"273",273,"2024-04-09 14:12:35",NA,NA,NA,"created",1314,"Lviv",49.877887,24.023703,15.15,"Express","COD",2,"4940","105.45",64,NA
"274",274,"2024-04-09 10:10:08","2024-04-09 11:02:08",NA,NA,"canceled",1337,"KYIV  ",50.542874,30.569628,8.16,"Standart","Card",2,"2940","56,32",151,"sharp"
"275",275,"2024-04-08 23:48:39","2024-04-09 00:08:39","2024-04-09 01:04:39","2024-04-09 02:03:39","delivered",3939,"Kyiv",50.273118,30.441088,14.8,"Standart","COD",4,"337","69.6",200,NA
"276",276,"2024-04-03 06:15:06",NA,NA,NA,"assigned",3797,"Kyiv",50.324827,30.74881,10.2,"Express","COD",5,"3041","90.6",169,NA
"277",277,"2024-04-13 05:43:12","2024-04-13 05:56:12",NA,NA,"assigned",3695,"Kyiv",50.381937,30.667427,12.68,"Express","COD",6,"3980","98,04",96,"sharp"
"278",278,"2024-04-20 22:27:22","2024-04-20 23:23:22","2024-04-21 00:17:22","2024-04-21 00:36:22","delivered",936,"Odesa",46.475244,30.624092,25.99,"Standart","Card",5,"4075","91.98",191,NA
"279",279,"2024-04-01 08:21:55",NA,NA,NA,"canceled",965,"Odesa",46.433114,30.754222,2.64,"Express","COD",5,"4237","67.92",146,NA
"280",280,"2024-04-05 09:23:32","2024-04-05 10:09:32","2024-04-05 10:31:32",NA,"picked",2541,"Kyiv",50.513513,30.6837,11.52,"Standart","Card",2,"5732","63.04",196,NA
"281",281,"05.04.2024 04:17","05.04.2024 04:48","2024-04-05 05:16:40",NA,"picked",822,"Lviv",49.848835,24.103124,17.64,"Standart","Card",4,"2253","75.28",50,"perishable"
"282",282,"2024-04-20 02:18:30",NA,NA,NA,"created",3758,"Kyiv",50.476176,30.390748,10.76,"Express","COD",3,"1204","92.28",192,NA
"283",283,"2024-04-02 07:27:10",NA,NA,NA,"canceled",3140,"Kyiv",50.440881,30.509072,23.53,"Express","Card",2,"1875","130.59",37,NA
"284",284,"2024-04-07 00:51:19",NA,NA,NA,"created",791,"Kyiv",50.310175,30.527755,1.31,"Standart","Card",6,"1734","42.62",7,NA
"285",285,"2024-04-16 01:01:38","2024-04-16 01:53:38","2024-04-16 02:26:38",NA,"picked",160,"Odesa",46.367406,30.75488,16.79,"Standart","Card",3,"438","73.58",128,"liquid"
"286",286,"2024-04-23 23:08:00","2024-04-24 00:02:00","24.04.2024 00:45",NA,"picked",1759,"Kyiv",50.342619,30.349377,0.9,"Standart","COD",1,"1674","41.8",5,NA
"287",287,"2024-04-22 22:15:45","2024-04-22 22:54:45",NA,NA,"assigned",914,"Lviv",49.854244,24.036737,20.33,"Express","Card",6,"256","120.99",178,"fragile"
"288",288,"2024-04-06 17:43:20","2024-04-06 18:31:20",NA,NA,"canceled",3132,"Kyiv",50.516073,30.662568,16.79,"Express","Card",5,"1514","110.37",172,NA
"289",289,"2024-04-19 15:03:37","2024-04-19 15:59:37","2024-04-19 16:52:37","2024-04-19 17:50:37","delivered",2481,"Odesa",46.447909,30.765666,7.05,"Express","COD",4,"742","81.15",154,"fragile"
"290",290,"2024-04-22 07:21:00","2024-04-22 07:51:00",NA,NA,"assigned",2912,"Kyiv",50.400287,30.676863,15.23,"Standart","COD",6,"2955","70.46",65,NA
"291",291,"2024-04-05 11:20:32","2024-04-05 12:09:32","2024-04-05 12:47:32",NA,"picked",2589,"Kyiv",50.494544,30.660878,16.81,"Standart","Card",6,"2970","73.62",164,"  sharp"
"292",292,"2024-04-10 06:47:12",NA,NA,NA,"canceled",1660,"Odesa",46.345875,30.754821,0.57,"Express","cod  ",2,"5586","61.71",159,NA
"293",293,"2024-04-20 19:16:46","2024-04-20 19:33:46","2024-04-20 20:24:46","2024-04-20 21:06:46","delivered",1869,"Kyiv",50.448706,30.515763,13.71,"Standart","Card",5,"205","67.42",19,NA
"294",294,"2024-04-26 02:30:40","2024-04-26 02:53:40",NA,NA,"canceled",2511,"Kyiv",50.290984,30.412095,15.55,"Standart","Card",5,"5195","71.1",106,NA
"295",295,"15.04.2024 15:03",NA,NA,NA,"canceled",3132,"Lviv",49.866674,23.997264,7.79,"Express","Card",2,"621","83.37",114,NA
"296",296,"08.04.2024 08:35","2024-04-08 09:17:40",NA,NA,"assigned",3446,"Lviv",49.797347,24.053617,8.67,"Standart","Card",4,"163","57.34",147,"perishable"
"297",48,"2024-04-09 19:56:25","2024-04-09 20:54:25","2024-04-09 21:23:25","2024-04-09 21:47:25","delivered",221,"Odesa",46.366225,30.748822,6.2,"Express","cod  ",3,"2827","78.6",54,NA
"298",298,"2024-04-20 09:23:33","2024-04-20 09:47:33",NA,NA,"canceled",1836,"Kyiv",50.520124,30.562924,13.01,"Express","COD",3,"2736","99.03",52,NA
"299",299,"2024-04-22 06:01:45",NA,NA,NA,"created",474,"Odesa",46.347492,30.735976,21.47,"Standart","Card",1,"1016","82.94",93,NA
"300",300,"2024-04-11 06:24:10",NA,NA,NA,"created",63,"Lviv",49.837992,24.091353,24.18,"Express","Card",2,"1765","132.54",2,NA
"301",301,"2024-04-07 00:26:38","2024-04-07 00:46:38","2024-04-07 01:43:38",NA,"picked",8,"Lviv",49.826925,24.030873,14.16,"Express","COD",1,"3699","102.48",79,"sharp"
"302",302,"2024-04-20 01:06:34",NA,NA,NA,"created",762,"Kyiv",50.265366,30.682343,13.39,"Express","COD",2,"1983","100.17",72,"fragile"
"303",303,"2024-04-03 21:08:44",NA,NA,NA,"canceled",3230,"Lviv",49.78684,23.913526,0.27,"Express","COD",3,"5633","60.81",74,"liquid"
"304",304,"2024-04-14 14:14:59",NA,NA,NA,"created",60,"Odesa",46.382856,30.64884,9.34,"Standart","Card",4,"2357","58.68",41,"liquid"
"305",305,"2024-04-20 13:20:42","2024-04-20 13:40:42",NA,NA,"canceled",3903,"Odesa",46.374899,30.760011,11.66,"Express","Card",1,"665","94.98",71,NA
"306",306,"2024-04-18 05:52:06",NA,NA,NA,"created",3819,"Kyiv",50.280362,30.501197,13.46,"Standart","Card",4,"1728","66.92",138,NA
"307",307,"2024-04-10 19:11:14","2024-04-10 20:03:14","2024-04-10 20:29:14","2024-04-10 21:10:14","delivered",1757,"Odesa",46.413147,30.731421,17.82,"Express","COD",5,"2562","113.46",92,"sharp"
"308",308,"2024-04-24 21:31:13",NA,NA,NA,"created",1561,"Kyiv",50.347692,30.638776,13.96,"Express","COD",5,"4 800","101.88",185,"sharp"
"309",309,"2024-04-09 10:16:17","2024-04-09 10:35:17",NA,NA,"canceled",3445,"Kyiv",50.458585,30.526961,11.2,"Standart","Card",6,"1144","62.4",93,NA
"310",310,"2024-04-09 07:32:24",NA,NA,NA,"created",2594,"Kyiv",50.538369,30.625927,19.78,"Standart","COD",1,"3227","79.56",41,NA
"311",311,"2024-04-10 14:28:46","2024-04-10 15:10:46","2024-04-10 15:51:46","2024-04-10 16:48:46","delivered",2695,"Kyiv",50.530769,30.757088,23.01,"Standart","Card",2,"4959","86.02",20,"perishable"
"312",312,"2024-04-30 14:35:22","2024-04-30 15:16:22",NA,NA,"assigned",2856,"Kyiv",50.397369,30.689668,0.68,"Standart","Card",6,"2392","41.36",23,"sharp"
"313",313,"2024-04-14 17:40:58","2024-04-14 18:20:58","2024-04-14 18:41:58","2024-04-14 19:09:58","delivered",2321,"Kyiv",50.303005,30.596753,23.47,"Standart","Card",4,"4 800","86.94",167,NA
"314",314,"07.04.2024 19:52","07.04.2024 20:11","2024-04-07 20:35:16","2024-04-07 21:21:16","delivered",1831,"Lviv",49.879084,23.984078,11.99,"Express","Card",1,"2222","95.97",153,NA
"315",315,"2024-04-12 04:33:30","2024-04-12 05:15:30",NA,NA,"canceled",3457,"Lviv",49.872355,24.09614,5.17,"Express","Card",4,"4154","75.51",126,NA
"316",316,"2024-04-05 20:27:09",NA,NA,NA,"created",1223,"Odesa",46.343357,30.661899,1.19,"Standart","COD",3,"5723","42,38",47,"perishable"
"317",317,"2024-04-27 18:15:08","2024-04-27 19:00:08",NA,NA,"assigned",1771,"Lviv",49.787041,24.053389,24.88,"Express","COD",4,"2873","134.64",121,NA
"318",318,"2024-04-16 11:01:18","2024-04-16 11:52:18","2024-04-16 12:02:18","2024-04-16 12:34:18","delivered",2919,"Odesa",46.378174,30.634115,11.56,"Express","COD",5,"1023","94.68",51,NA
"319",319,"2024-04-09 17:36:04",NA,NA,NA,"created",2579,"Odesa",46.35789,30.752029,14.4,"Express","Card",3,"4561","103.2",147,"liquid"
"320",320,"2024-04-23 05:35:20","2024-04-23 06:08:20","2024-04-23 06:46:20","2024-04-23 07:43:20","delivered",697,"Kyiv",50.449564,30.675996,12.45,"Standart","Card",2,"1920","64.9",119,NA
"321",189,"2024-04-22 19:15:19","2024-04-22 19:56:19","22.04.2024 20:24","2024-04-22 20:38:19","delivered",183,"KYIV",50.312051,30.561784,1.4,"Standart","Card",2,"2838","42.8",117,"sharp"
"322",322,"2024-04-01 03:25:33",NA,"2024-04-01 04:47:33",NA,"picked",2403,"Lviv",49.823898,23.971714,0.32,"Express","Card",2,"1845","60.96",133,"liquid"
"323",323,"2024-04-11 05:39:28","2024-04-11 06:33:28","2024-04-11 07:05:28",NA,"picked",2312,"Kyiv",50.427032,30.59739,12.21,"Express","Card",3,"4420","96.63",160,"fragile"
"324",324,"05.04.2024 21:54","05.04.2024 22:20",NA,NA,"canceled",1497,"Lviv",49.844321,24.117795,0.37,"Express","COD",1,"4285","61.11",34,NA
"325",325,"2024-04-05 14:18:38","2024-04-05 14:36:38",NA,NA,"assigned",3804,"Odesa",46.35072,30.701635,8.68,"Standart","Card",5,"3500","57.36",26,NA
"326",326,"2024-04-27 20:34:56",NA,NA,NA,"created",2814,"Odesa",46.430975,30.618353,0.9,"Standart","Card",3,"2058","41.8",90,"liquid"
"327",327,"2024-04-27 15:31:04","2024-04-27 16:26:04","2024-04-27 17:15:04",NA,"picked",840,"Odesa",46.471011,30.675011,22.45,"Standart","COD",4,"4 900","84.9",37,"sharp"
"328",328,"2024-04-18 09:50:40","2024-04-18 10:08:40","2024-04-18 10:23:40",NA,"picked",1163,"Odesa",46.426052,30.690696,6.97,"Express","Card",6,"431","80.91",51,NA
"329",329,"2024-04-20 22:40:33","2024-04-20 23:06:33","2024-04-20 23:47:33","2024-04-21 00:03:33","delivered",3767,"Odesa",46.389765,30.65272,2.37,"Express","COD",6,"4937","67.11",10,NA
"330",330,"2024-04-12 19:35:45","2024-04-12 20:11:45","2024-04-12 20:55:45","2024-04-12 21:28:45","delivered",1430,"Odesa",46.485573,30.707767,24.85,"Express","Card",5,"1357","134.55",122,NA
"331",331,"2024-04-29 17:48:25","2024-04-29 18:29:25","2024-04-29 19:02:25",NA,"picked",2881,"Kyiv",50.271037,30.41193,20.58,"Express","Card",4,"768","121.74",128,NA
"332",332,"2024-04-16 15:07:04",NA,NA,NA,"created",2533,"Odesa",46.484028,30.766778,5.22,"Standart","COD",6,"434","50.44",198,"fragile"
"333",333,"2024-04-02 23:22:12",NA,"02.04.2024 23:53",NA,"picked",711,"Kyiv",50.334781,30.437652,25.07,"Express","COD",1,"2086","135.21",133,NA
"334",334,"2024-04-17 20:15:21","2024-04-17 20:52:21",NA,NA,"canceled",3739,"Odesa",46.525835,30.737899,5.33,"Express","COD",4,"2337","75.99",64,NA
"335",335,"2024-04-24 06:51:52",NA,NA,NA,"created",1949,"Kyiv",50.464853,30.291826,9.91,"Express","COD",2,"4184","89.73",30,"sharp"
"336",336,"2024-04-30 15:47:18","2024-04-30 16:18:18",NA,NA,"canceled",1295,"Lviv",49.810048,24.11068,0.37,"Standart","COD",1,"1674","40.74",131,"sharp"
"337",337,"2024-04-19 15:01:09","2024-04-19 15:16:09","2024-04-19 15:29:09","2024-04-19 16:06:09","delivered",989,"Lviv",49.866193,23.971491,5.34,"Express","Card",6,"2736","76.02",80,NA
"338",338,"2024-04-10 11:52:34","2024-04-10 12:31:34","2024-04-10 13:24:34","2024-04-10 13:56:34","delivered",1438,"Lviv",49.781697,24.043274,1.07,"Express","Card",5,"4766","63.21",196,NA
"339",339,"2024-04-19 13:11:59",NA,NA,NA,"created",2404,"Lviv",49.782346,24.100589,2.19,"Standart","COD",4,"448","44.38",97,NA
"340",340,"2024-04-30 20:44:03",NA,NA,NA,"created",2341,"Kyiv",50.476933,30.60306,3.56,"Standart","Card",6,"891","47.12",91,NA
"341",341,"2024-04-23 18:07:40",NA,NA,NA,"created",361,"Kyiv",50.396093,30.665694,19.92,"Express","COD",5,"376","119.76",153,NA
"342",342,"2024-04-12 11:03:42","2024-04-12 12:03:42","2024-04-12 12:41:42",NA,"picked",238,"Kyiv",50.302955,30.31499,18.04,"Express","Card",2,"3897","114.12",144,NA
"343",343,"2024-04-29 16:19:53","2024-04-29 16:32:53","2024-04-29 16:51:53","2024-04-29 17:41:53","delivered",2434,"Lviv",49.839825,23.911713,22.89,"Express","Card",1,"3608","128.67",127,"fragile"
"344",344,"2024-04-23 15:28:51","23.04.2024 16:11","23.04.2024 17:01",NA,"picked",2085,"Kyiv",50.427786,30.698421,15.21,"Express","Card",6,"4950","105.63",151,"liquid"
"345",345,"2024-04-20 12:38:39","2024-04-20 12:50:39",NA,NA,"canceled",1930,"Lviv",49.79128,23.939705,8.49,"Express","Card",4,"2 344","85.47",22,"perishable"
"346",346,"2024-04-05 08:49:08",NA,NA,NA,"canceled",2150,"Odesa",46.453243,30.770642,15.56,"Standart","Card",2,"1632","71.12",21,"fragile"
"347",347,"2024-04-11 16:11:27","2024-04-11 16:55:27","2024-04-11 17:07:27",NA,"picked",2899,"Lviv",49.868203,24.031345,24.99,"Express","COD",2,"1 566","134.97",158,NA
"348",348,"2024-04-20 07:05:48","2024-04-20 07:46:48","20.04.2024 08:42",NA,"picked",1192,"Lviv",49.842355,23.956242,24.7,"Standart","Card",1,"4432","89.4",181,NA
"349",349,"2024-04-18 19:16:55","2024-04-18 20:05:55",NA,NA,"assigned",2238,"Kyiv",50.51627,30.626854,18.1,"Express","COD",3,"5350","114,30",183,NA
"350",350,"2024-04-20 18:26:09","2024-04-20 19:25:09","2024-04-20 20:00:09",NA,"picked",3171,"Odesa",46.459609,30.693618,11.83,"Express","Card",2,"3094","95.49",155,"sharp"
"351",351,"2024-04-11 07:23:46","2024-04-11 08:06:46",NA,NA,"canceled",643,"Lviv",49.836619,23.93221,7.56,"Standart","COD",6,"3037","55.12",36,"sharp"
"352",352,"2024-04-10 18:42:45","2024-04-10 19:08:45","2024-04-10 19:25:45","2024-04-10 19:50:45","delivered",1730,"Kyiv",50.328884,30.515119,7.92,"Standart","Card",5,"1726","55.84",176,"liquid"
"353",353,"2024-04-27 16:43:04","2024-04-27 17:03:04",NA,NA,"canceled",3740,"Lviv",49.76898,23.922002,11.81,"Standart","COD",4,"5651","63.62",36,"sharp"
"354",354,"2024-04-22 18:04:14","22.04.2024 18:56",NA,NA,"canceled",552,"Odesa",46.42189,30.662302,16.92,"Standart","Card",6,"161","73,84",68,NA
"355",355,"2024-04-30 20:29:25","2024-04-30 20:49:25","2024-04-30 21:09:25",NA,"picked",48,"Lviv",49.818002,24.040147,1.03,"Express","Card",6,"2003","63.09",147,"fragile"
"356",356,"2024-04-15 07:50:02","2024-04-15 08:02:02","2024-04-15 08:50:02","2024-04-15 09:11:02","delivered",3937,"Odesa",46.350101,30.64078,1.42,"Standart","COD",6,"1414","42.84",104,"perishable"
"357",357,"2024-04-01 21:31:31",NA,NA,NA,"created",1420,"Lviv",49.790608,24.109759,16.78,"Express","COD",2,"1 997","110.34",88,"perishable"
"358",358,"11.04.2024 17:26",NA,NA,NA,"created",3483,"Kyiv",50.398054,30.545752,6.92,"Standart","Card",6,"3038","53,84",149,"fragile"
"359",359,"2024-04-01 12:58:44",NA,NA,NA,"canceled",3749,"Odesa",46.396329,30.655642,14.29,"Standart","COD",6,"1 586","68.58",162,"liquid"
"360",360,"02.04.2024 04:19",NA,NA,NA,"created",3562,"Kyiv",50.442195,30.548952,5.07,"Standart","Card",6,"149","50.14",94,NA
"361",361,"06.04.2024 02:20","2024-04-06 02:53:04","2024-04-06 03:27:04","2024-04-06 04:04:04","delivered",3178,"Kyiv",50.413955,30.747474,20.05,"Standart","Card",1,"1725","80.1",50,NA
"362",362,"2024-04-29 13:11:02","2024-04-29 13:58:02","2024-04-29 14:42:02",NA,"picked",109,"Odesa",46.475315,30.630599,14.44,"Express","COD",5,"1240","103,32",14,"fragile"
"363",363,"2024-04-24 14:24:20","2024-04-24 15:04:20","2024-04-24 15:30:20","2024-04-24 16:15:20","delivered",2469,"Odesa",46.428283,30.699013,1.25,"Express","COD",5,"3554","63.75",67,NA
"364",364,"2024-04-18 20:14:00","2024-04-18 20:41:00",NA,NA,"canceled",1256,"Odesa",46.519343,30.745615,7.67,"Standart","COD",2,"2265","55.34",23,NA
"365",365,"2024-04-09 02:07:53","09.04.2024 03:06",NA,NA,"canceled",3186,"Odesa",46.469902,30.738354,25.1,"Standart","COD",3,"2144","90,20",166,"sharp"
"366",366,"2024-04-23 00:58:50","2024-04-23 01:36:50",NA,NA,"assigned",3272,"Odesa",46.481603,30.750052,6.66,"Express","Card",4,"3021","79.98",113,NA
"367",367,"2024-04-05 19:48:51","2024-04-05 20:10:51","2024-04-05 20:58:51","2024-04-05 21:22:51","delivered",3866,"Kyiv",50.352261,30.670426,11.78,"Express","COD",5,"4538","95.34",115,"sharp"
"368",368,"2024-04-03 06:38:11",NA,"2024-04-03 07:53:11","2024-04-03 08:30:11","delivered",2468,"Lviv",49.861953,23.994562,7.8,"Express","COD",5,"1746","83.4",154,"liquid"
"369",369,"2024-04-17 16:33:03","2024-04-17 17:15:03","2024-04-17 17:52:03","2024-04-17 18:40:03","delivered",1824,"Odesa",46.420964,30.619633,11.59,"Standart","COD",2,"3 151","63,18",113,NA
"370",370,"2024-04-11 19:02:34","2024-04-11 19:47:34",NA,"2024-04-11 20:55:34","delivered",1463,"Odesa",46.514237,30.76147,25.22,"Express","COD",5,"4 990","135,66",139,NA
"371",371,"2024-04-25 23:25:47",NA,NA,NA,"canceled",2030,"Lviv",49.77034,24.063991,12.55,"Express","COD",2,"3214","97,65",76,"fragile"
"372",372,"2024-04-06 22:39:26","06.04.2024 23:26","2024-04-06 23:51:26",NA,"picked",1612,"Odesa",46.355288,30.696705,23.28,"Standart","COD",2,"3715","86.56",117,NA
"373",373,"2024-04-28 22:13:37","28.04.2024 22:25","28.04.2024 22:59",NA,"picked",3829,"Kyiv",50.48343,30.365749,25.84,"Express","COD",1,"2335","137.52",64,"liquid"
"374",374,"2024-04-16 02:05:12","2024-04-16 02:59:12","2024-04-16 03:54:12",NA,"picked",3767,"Kyiv",50.524429,30.395381,15.79,"Standart","Card",2,"1384","71.58",179,NA
"375",375,"2024-04-27 21:27:14","2024-04-27 22:17:14","27.04.2024 22:33","2024-04-27 22:56:14","delivered",1065,"Lviv",49.786097,23.994994,7.38,"Express","COD",1,"4743","82.14",62,"perishable"
"376",376,"07.04.2024 06:25",NA,NA,NA,"canceled",3996,"Lviv",49.84049,24.081191,5.62,"Express","COD",1,"3982","76.86",184,NA
"377",377,"2024-04-13 11:15:19","2024-04-13 11:57:19","13.04.2024 12:30","2024-04-13 13:19:19","delivered",1004,"Odesa",46.416569,30.73132,10.84,"Standart","Card",1,"3167","61.68",33,NA
"378",378,"2024-04-05 05:59:43",NA,NA,NA,"canceled",2751,"Odesa",46.433317,30.733715,25.8,"  EXPRESS","Card",2,"1637","137.4",110,NA
"379",379,"2024-04-06 15:51:52",NA,NA,NA,"created",940,"Lviv",49.861802,23.925011,3.99,"Express","Card",2,"1664","71.97",195,NA
"380",380,"2024-04-16 22:19:54",NA,NA,NA,"created",847,"Kyiv",50.488285,30.326652,20.39,"Standart","Card",3,"4405","80.78",73,NA
"381",381,"2024-04-11 07:58:08","2024-04-11 08:57:08",NA,NA,"assigned",3259,"Lviv",49.82711,24.016979,1.52,"Standart","COD",1,"5 727","43.04",3,NA
"382",382,"2024-04-30 09:28:35","2024-04-30 10:25:35",NA,NA,"canceled",1003,"Kyiv",50.431081,30.469301,21.32,"Express","Card",1,"4657","123.96",137,NA
"383",383,"2024-04-23 19:49:41","2024-04-23 20:35:41",NA,NA,"assigned",1219,"Lviv",49.777937,23.955763,16.93,"Standart","COD",3,"2 524","73.86",70,"perishable"
"384",384,"03.04.2024 19:46",NA,NA,NA,"canceled",3078,"Odesa",46.436859,30.649137,2.37,"Standart","cod  ",6,"3810","44.74",32,"perishable"
"385",385,"2024-04-10 21:29:25","2024-04-10 22:01:25",NA,NA,"canceled",230,"Kyiv",50.432847,30.619918,24.48,"Standart","COD",6,"3069","88.96",84,"liquid"
"386",386,"2024-04-04 23:13:17","2024-04-04 23:40:17","2024-04-05 00:06:17","2024-04-05 00:34:17","delivered",1976,"LVIV  ",49.878269,23.9738,8.41,"  STANDART","COD",6,"2217","56,82",46,NA
"387",387,"2024-04-16 10:21:48","16.04.2024 10:50",NA,NA,"assigned",1101,"Lviv",49.792837,24.021053,10.35,"Express","Card",5,"5261","91.05",45,NA
"388",388,"2024-04-24 22:46:16","2024-04-24 23:38:16","2024-04-25 00:30:16",NA,"picked",2925,"Kyiv",50.495882,30.510242,8.81,"Standart","COD",6,"326","57.62",134,"perishable"
"389",389,"2024-04-12 14:36:47","2024-04-12 14:51:47",NA,NA,"assigned",1478,"Kyiv",50.284564,30.610375,13.85,"Express","COD",2,"1944","101.55",2,"fragile"
"390",390,"2024-04-19 20:04:08","2024-04-19 20:59:08","2024-04-19 21:49:08","2024-04-19 22:46:08","delivered",1634,"Odesa",46.396129,30.698288,18.27,"Express","Card",3,"3 476","114,81",124,"fragile"
"391",391,"2024-04-24 00:35:58","2024-04-24 00:56:58","2024-04-24 01:06:58","2024-04-24 01:41:58","delivered",256,"Lviv",49.857695,23.915858,4.41,"Standart","Card",4,"4321","48.82",159,NA
"392",392,"2024-04-02 01:24:26",NA,NA,NA,"created",3751,"Odesa",46.420315,30.717003,16.87,"Express","COD",1,"4499","110.61",126,"liquid"
"393",393,"2024-04-14 23:41:23","2024-04-15 00:33:23","2024-04-15 00:54:23","2024-04-15 01:05:23","delivered",2410,"Kyiv",50.506276,30.461939,3.47,"Express","Card",5,"5636","70.41",167," "
"394",394,"09.04.2024 17:48","2024-04-09 18:38:42",NA,NA,"assigned",2452,"Kyiv",50.281314,30.677577,12.39,"Express","COD",2,"2997","-97.17",141,"perishable"
"395",395,"2024-04-24 08:24:24","2024-04-24 09:05:24","2024-04-24 09:58:24",NA,"picked",205,"Kyiv",50.450975,30.437851,5.87,"Standart","Card",2,"1759","51.74",138,NA
"396",396,"2024-04-17 23:51:56",NA,NA,NA,"created",3463,"Lviv",49.837143,23.949248,10.37,"Express","COD",3,"2735","91,11",119,"liquid"
"397",397,"2024-04-09 14:34:16",NA,NA,NA,"canceled",2372,"Lviv",49.787683,24.007387,22.55,"Standart","COD",3,"3167","85.1",166,"liquid"
"398",398,"2024-04-28 14:24:53",NA,NA,NA,"canceled",3195,"Odesa",46.347191,30.662547,20.14,"Standart","Card",3,"3946","80,28",55,NA
"399",399,"19.04.2024 19:48","2024-04-19 20:23:14","19.04.2024 20:52","2024-04-19 21:23:14","delivered",3084,"Odesa",46.472602,30.635162,25.13,"Standart","COD",1,"5433","90.26",174,"fragile"
"400",401,"2024-04-11 17:33:40",NA,NA,NA,"created",980,"LVIV",49.785781,24.110373,2.93,"  Express","card",1,"4357","68.79",82,NA
"401",401,"2024-04-11 17:33:40",NA,NA,NA,"created",980,"Lviv",49.785781,24.110373,2.93,"Express","Card",1,"4357","68.79",82," "
"402",402,"2024-04-05 12:18:44","2024-04-05 12:39:44","2024-04-05 13:00:44",NA,"picked",2085,"Odesa",46.388013,30.69641,12.01,"Standart","COD",5,"2729","64.02",181,"fragile"
"403",403,"2024-04-27 08:23:37",NA,NA,NA,"created",1702,"Odesa",46.451545,30.749081,24.05,"Express","Card",6,"5135","132.15",43,NA
"404",404,"2024-04-08 13:33:27","2024-04-08 13:49:27",NA,NA,"assigned",481,"Kyiv",50.436746,30.677667,15.15,"Express","COD",5,"1257","105.45",102,NA
"405",405,"2024-04-10 01:16:06",NA,NA,NA,"created",3440,"Kyiv",50.432388,30.309524,5.51,"Standart","COD",4,"442","51,02",56,NA
"406",406,"2024-04-21 19:18:07","2024-04-21 19:50:07",NA,NA,"assigned",2795,"Lviv",49.823815,24.061414,4.02,"Express","Card",3,"5031","72.06",103,"liquid"
"407",407,"2024-04-23 04:17:14",NA,NA,NA,"created",3645,"ODESA  ",46.376558,30.761462,18.62,"Standart","Card",5,"2917","77.24",104,NA
"408",408,"2024-04-21 13:34:56","2024-04-21 13:49:56",NA,NA,"assigned",197,"Kyiv",50.448615,30.377913,15.31,"Express","COD",6,"2615","105.93",148,NA
"409",409,"2024-04-02 21:06:37",NA,"02.04.2024 21:57",NA,"picked",920,"Lviv",49.878972,24.045501,25.7,"Express","Card",4,"1267","137.1",127,"fragile"
"410",410,"2024-04-28 21:25:46",NA,NA,NA,"created",778,"Lviv",49.795309,24.047643,2.85,"Standart","COD",6,"4809","45,70",138,NA
"411",411,"2024-04-18 17:09:32","2024-04-18 18:03:32","2024-04-18 18:15:32",NA,"picked",799,"Lviv",49.812625,24.009497,9,"Express","Card",4,"4228","87",126,"perishable"
"412",412,"26.04.2024 07:49","26.04.2024 08:41",NA,NA,"assigned",1861,"Kyiv",50.270297,30.535595,8.83,"Express","Card",5,"3 445","86.49",193,"fragile"
"413",413,"2024-04-02 16:14:37",NA,NA,NA,"created",1429,"Lviv",49.8116,24.037065,4.08,"Express","Card",4,"3198","-72.24",163,NA
"414",414,"2024-04-02 11:26:38",NA,"02.04.2024 12:59",NA,"picked",3431,"Lviv",49.773411,23.917612,7.25,"Standart","Card",3,"4457","54.5",9,NA
"415",415,"2024-04-03 17:09:02",NA,NA,"2024-04-03 18:50:02","delivered",2078,"Lviv",49.825328,23.962374,21.15,"Express","COD",6,"1852","123,45",3,"perishable"
"416",416,"11.04.2024 06:43",NA,NA,NA,"created",2407,"Lviv",49.792704,24.02154,19.08,"Express","Card",2,"5768","117.24",81,"perishable"
"417",417,"2024-04-22 10:52:12","2024-04-22 11:33:12","2024-04-22 12:33:12",NA,"picked",1558,"Lviv",49.778726,24.107894,13.36,"Standart","COD",1,"2643","66.72",187,"perishable"
"418",418,"2024-04-02 08:44:26",NA,NA,NA,"canceled",3049,"Kyiv",50.542952,30.33102,13.82,"Standart","Card",5,"2172","67.64",181,NA
"419",419,"2024-04-21 17:26:43","2024-04-21 18:16:43","2024-04-21 19:10:43","21.04.2024 19:32","delivered",1789,"Odesa",46.350649,30.714046,25.52,"  EXPRESS","COD",6,"1 896","136.56",59,NA
"420",420,"08.04.2024 01:07","2024-04-08 01:34:25","2024-04-08 01:57:25",NA,"picked",801,"Kyiv",50.548938,30.491842,15.33,"Express","Card",3,"841","105,99",199,"fragile"
"421",421,"2024-04-23 16:54:44","2024-04-23 17:19:44","2024-04-23 17:35:44","2024-04-23 17:47:44","delivered",3091,"Lviv",49.815504,24.055027,17.46,"Standart","Card",4,"1022","74.92",143,NA
"422",422,"2024-04-29 17:16:20",NA,NA,NA,"created",2834,"Kyiv",50.354734,30.52153,24.46,"Express","COD",5,"974","133.38",23,"sharp"
"423",423,"2024-04-07 20:52:30","07.04.2024 21:03","07.04.2024 22:02",NA,"picked",3978,"Kyiv",50.348535,30.734388,21.93,"Express","Card",3,"1688","125.79",190,"perishable"
"424",424,"2024-04-23 03:56:31","2024-04-23 04:33:31","2024-04-23 04:53:31",NA,"picked",1428,"Kyiv",50.271849,30.336754,15.88,"Standart","Card",5,"209","71.76",167,"perishable"
"425",425,"2024-04-10 11:24:12",NA,NA,NA,"canceled",3167,"Lviv",49.852774,23.93736,20.39,"Standart","COD",5,"5799","80,78",180,NA
"426",426,"2024-04-27 15:35:55","27.04.2024 16:09","2024-04-27 17:03:55",NA,"picked",3396,"Lviv",49.851539,24.017689,1.43,"Express","Card",3,"4014","64.29",102,NA
"427",427,"2024-04-13 18:34:59","2024-04-13 18:59:59","2024-04-13 19:31:59","13.04.2024 20:28","delivered",2471,"Odesa",46.48806,30.658998,14.82,"Standart","Card",1,"3156","69.64",120,NA
"428",428,"2024-04-18 18:30:31","2024-04-18 18:57:31","2024-04-18 19:18:31",NA,"picked",2055,"Lviv",49.802531,23.998401,3.57,"Standart","Card",3,"1709","47.14",171,NA
"429",429,"27.04.2024 16:44","2024-04-27 17:07:43",NA,NA,"assigned",947,"Lviv",49.773026,23.924872,21.2,"Express","COD",3,"4521","123,60",168,NA
"430",430,"2024-04-23 20:28:04",NA,NA,NA,"created",2413,"Lviv",49.789226,24.109941,20.23,"Standart","Card",2,"1761","80.46",29,NA
"431",431,"2024-04-20 20:34:44","2024-04-20 20:52:44",NA,NA,"canceled",816,"Kyiv",50.363361,30.312592,11.71,"Express","Card",3,"2389","95.13",84,NA
"432",432,"2024-04-02 00:06:45",NA,"2024-04-02 00:55:45",NA,"picked",2730,"Odesa",46.48341,30.625343,0.2,"Standart","Card",6,"5202","40.4",41," "
"433",433,"2024-04-07 12:48:48",NA,NA,NA,"canceled",1021,"Kyiv",50.263901,30.360207,24.28,"Standart","COD",6,"1153","88.56",71,NA
"434",434,"2024-04-13 08:22:09","2024-04-13 09:20:09",NA,NA,"assigned",1621,"Kyiv",50.515231,30.481261,22.08,"Standart","Card",4,"2695","84,16",26,NA
"435",435,"2024-04-26 10:23:01",NA,NA,NA,"created",3182,"Lviv",49.807721,23.945134,11.81,"Standart","COD",4,"1973","63.62",22,NA
"436",436,"2024-04-22 09:24:36","2024-04-22 10:21:36","22.04.2024 10:38","2024-04-22 11:37:36","delivered",3067,"Lviv",49.80481,24.113473,8.76,"Express","COD",4,"1179","86.28",199,"sharp"
"437",437,"24.04.2024 20:06",NA,NA,NA,"created",2795,"Lviv",49.859553,23.922273,25.54,"Express","COD",3,"4133","136.62",156,"sharp"
"438",438,"2024-04-23 02:14:16","2024-04-23 03:10:16","2024-04-23 03:48:16","2024-04-23 04:46:16","delivered",1190,"Odesa",46.371105,30.639124,25.49,"Express","Card",4,"3394","136.47",29,"liquid"
"439",439,"2024-04-19 06:17:36",NA,NA,NA,"created",3823,"Odesa",46.341319,30.616663,0.94,"Standart","Card",1,"4915","41.88",77,"fragile"
"440",440,"2024-04-26 11:00:03","2024-04-26 11:42:03","2024-04-26 11:56:03",NA,"picked",1606,"Kyiv",50.399145,30.691521,9.62,"Express","COD",5,"3438","88.86",75,NA
"441",441,"24.04.2024 03:59","2024-04-24 04:37:08","2024-04-24 05:16:08",NA,"picked",3782,"Odesa",46.395184,30.739665,8.03,"Express","COD",5,"5312","84.09",160,"liquid"
"442",442,"2024-04-05 10:59:42","2024-04-05 11:32:42","2024-04-05 12:21:42",NA,"picked",3942,"Lviv",49.870905,23.980456,23.18,"Express","Card",1,"5427","129.54",64,"fragile"
"443",443,"2024-04-11 00:53:16","2024-04-11 01:19:16",NA,NA,"canceled",488,"Kyiv",50.361517,30.726665,15.86,"Express","Card",1,"697","107.58",15,"sharp"
"444",444,"2024-04-19 09:16:52",NA,NA,NA,"created",1608,"Lviv",49.883019,24.073515,22.25,"Express","COD",6,"3 020","126.75",14,NA
"445",445,"30.04.2024 14:20","30.04.2024 14:35",NA,NA,"assigned",3346,"Odesa",46.377109,30.647634,22,"Express","Card",4,"456","126",32,NA
"446",446,"2024-04-16 15:55:09","2024-04-16 16:30:09","2024-04-16 17:26:09","2024-04-16 17:48:09","delivered",1457,"Odesa",46.447127,30.674217,5.22,"Express","Card",2,"412","75.66",15,"liquid"
"447",447,"2024-04-27 03:26:09","2024-04-27 04:16:09","2024-04-27 04:47:09",NA,"picked",171,"Kyiv",50.538598,30.423625,18.87,"Express","COD",6,"4921","116.61",124,"liquid"
"448",448,"2024-04-11 06:07:23","2024-04-11 06:26:23","2024-04-11 07:21:23","2024-04-11 07:37:23","delivered",2510,"Kyiv",50.551347,30.657229,7.61,"Standart","Card",1,"2726","55,22",25,NA
"449",449,"2024-04-29 16:25:47","2024-04-29 16:58:47",NA,NA,"picked",2667,"Odesa",46.494765,30.659822,12.73,"Express","Card",3,"2111","98.19",6,NA
"450",450,"2024-04-12 03:10:57","12.04.2024 03:33","2024-04-12 04:28:57",NA,"picked",1116,"Odesa",46.429011,30.63425,4.46,"Express","COD",3,"4611","73.38",101,NA
"451",451,"2024-04-21 07:20:16","2024-04-21 08:04:16","2024-04-21 08:29:16",NA,"picked",508,"Kyiv",50.498313,30.603477,7.83,"Express","Card",5,"3762","83.49",191,"perishable"
"452",452,"06.04.2024 08:40","2024-04-06 08:59:48","2024-04-06 09:20:48",NA,"picked",1390,"Kyiv",50.366576,30.536494,9.35,"Express","Card",6,"4107","88.05",104,NA
"453",453,"12.04.2024 14:06",NA,NA,NA,"canceled",1618,"Lviv",49.818204,24.029942,4.65,"Standart","COD",2,"657","49.3",106,NA
"454",454,"2024-04-09 09:58:47","2024-04-09 10:29:47","2024-04-09 10:43:47",NA,"picked",3148,"Kyiv",50.392958,30.341993,7.6,"  STANDART","COD",3,"5865","55.2",166,NA
"455",455,"2024-04-11 13:10:51",NA,NA,NA,"created",253,"Odesa",46.530934,30.736856,19.23,"Standart","Card",5,"694","78.46",122,"perishable"
"456",456,"2024-04-05 13:14:39","2024-04-05 14:12:39",NA,NA,"assigned",3953,"Kyiv",50.303944,30.470961,5.06,"Express","Card",5,"2747","75.18",24,"perishable"
"457",457,"2024-04-20 00:41:22",NA,NA,NA,"created",883,"Kyiv",50.408922,30.713755,22.59,"Express","COD",2,"5190","127.77",181,NA
"458",458,"2024-04-02 13:12:57",NA,NA,NA,"created",712,"Odesa",46.413538,30.745511,25.74,"Express","Card",3,"4777","137.22",171,NA
"459",459,"2024-04-11 16:07:53","2024-04-11 16:40:53",NA,NA,"assigned",1454,"Kyiv",50.523402,30.340786,13.71,"Standart","COD",6,"1069","67.42",34,"sharp"
"460",460,"2024-04-11 02:41:35","2024-04-11 03:29:35",NA,NA,"canceled",3459,"Kyiv",50.368998,30.579014,17.18,"Standart","Card",3,"2872","74.36",117,NA
"461",461,"2024-04-21 18:35:23","2024-04-21 18:57:23",NA,NA,"assigned",1984,"Odesa",46.470806,30.748698,0.27,"Standart","Card",5,"4643","40.54",127,"liquid"
"462",462,"21.04.2024 03:48",NA,NA,NA,"canceled",1680,"Lviv",49.774954,24.095204,6.61,"Express","COD",1,"3813","79.83",171,NA
"463",463,"02.04.2024 11:05",NA,NA,NA,"created",1274,"Lviv",49.858591,24.013736,3.49,"Express","COD",1,"5357","70.47",167,NA
"464",464,"2024-04-08 16:28:33","2024-04-08 16:43:33",NA,NA,"canceled",3360,"Odesa",46.416411,30.61648,15.63,"Standart","COD",2,"480","71,26",130,"fragile"
"465",465,"2024-04-07 23:00:25","2024-04-07 23:36:25","2024-04-08 00:00:25",NA,"picked",622,"Kyiv",50.496983,30.321768,17.28,"Express","Card",6,"2338","111.84",160,"sharp"
"466",466,"2024-04-25 19:01:36","2024-04-25 19:31:36","2024-04-25 19:47:36",NA,"picked",3559,"Kyiv",50.344465,30.34886,22.71,"Express","COD",5,"4260","128.13",193,"fragile"
"467",467,"2024-04-11 18:57:37","2024-04-11 19:19:37","2024-04-11 20:08:37","2024-04-11 20:49:37","delivered",3176,"Lviv",49.787523,23.9668,10.5,"Standart","Card",2,"1 552","61",41,NA
"468",468,"01.04.2024 12:51",NA,"2024-04-01 13:46:34","2024-04-01 14:14:34","delivered",2108,"Odesa",46.372459,30.702169,2.44,"Standart","COD",6,"1853","44.88",58,"perishable"
"469",469,"2024-04-25 21:18:11","2024-04-25 21:28:11","2024-04-25 22:17:11","2024-04-25 22:41:11","delivered",3949,"Lviv",49.829454,24.056701,7.39,"Standart","Card",3,"1 537","54.78",55,NA
"470",470,"2024-04-17 11:00:26","2024-04-17 11:29:26",NA,NA,"assigned",3495,"Odesa",46.504565,30.735869,18.71,"Express","COD",3,"3317","116.13",67,"fragile"
"471",471,"2024-04-25 02:05:56","2024-04-25 02:23:56",NA,NA,"picked",1267,"Kyiv",50.393229,30.678607,20.9,"Express","COD",4,"5791","122.7",83,NA
"472",472,"2024-04-26 07:36:26",NA,NA,NA,"created",2335,"Lviv",49.853609,24.094106,23.65,"Express","COD",2,"1698","0",108,"perishable"
"473",473,"2024-04-22 06:17:56","2024-04-22 06:41:56",NA,NA,"assigned",897,"Odesa",46.460775,30.724853,20.45,"Express","Card",1,"5255","121.35",95,"perishable"
"474",474,"2024-04-02 21:47:38",NA,NA,NA,"created",3756,"Lviv",49.872445,24.03781,22.82,"Standart","Card",3,"2444","85.64",23,"fragile"
"475",475,"2024-04-04 19:23:12",NA,NA,NA,"canceled",591,"Kyiv",50.450309,30.649522,7.31,"Express","Card",6,"4648","81.93",40,"perishable"
"476",476,"2024-04-24 03:38:02",NA,NA,NA,"created",616,"Kyiv",50.505545,30.300638,11.19,"Express","Card",2,"5848","93.57",185,"fragile"
"477",477,"2024-04-29 03:11:37","29.04.2024 04:06",NA,NA,"assigned",1652,"Kyiv",50.429747,30.371046,3.48,"Express","Card",3,"2 526","70.44",126,"fragile"
"478",478,"2024-04-05 16:30:46","2024-04-05 16:59:46",NA,NA,"picked",3129,"Odesa",46.477591,30.738884,11.42,"Express","Card",6,"3175","94.26",121,NA
"479",479,"2024-04-27 02:51:39","2024-04-27 03:35:39",NA,NA,"assigned",2027,"Kyiv",50.352804,30.689608,17.47,"Express","COD",6,"3 815","112.41",130,NA
"480",480,"2024-04-14 18:00:33","14.04.2024 18:13","2024-04-14 19:01:33",NA,"picked",1787,"Odesa",46.375053,30.62357,24.35,"Standart","Card",3,"507","88.7",64,NA
"481",481,"01.04.2024 08:54",NA,NA,NA,"assigned",3294,"Odesa",46.321073,30.721627,6.78,"Express","Card",6,"3863","80.34",19,"perishable"
"482",482,"2024-04-28 18:15:20","2024-04-28 18:53:20",NA,NA,"canceled",3813,"Odesa",46.325016,30.745033,7.88,"Express","COD",1,"1936","83.64",107,"fragile"
"483",483,"2024-04-23 03:54:28","2024-04-23 04:32:28",NA,NA,"assigned",2877,"Kyiv",50.459793,30.606712,8.5,"Standart","COD",5,"1 218","57",112," "
"484",484,"2024-04-04 10:41:05","2024-04-04 11:14:05",NA,NA,"canceled",3158,"Lviv",49.805797,23.91777,5.41,"Express","Card",1,"2183","76.23",77,"liquid"
"485",485,"2024-04-03 09:24:37",NA,NA,NA,"assigned",874,"Lviv",49.810097,23.91964,2.89,"  EXPRESS","Card",1,"4630","68.67",73,"perishable"
"486",486,"2024-04-21 01:43:48","2024-04-21 02:23:48","2024-04-21 02:40:48","2024-04-21 03:14:48","delivered",3065,"Lviv",49.797501,24.055997,11.83,"Standart","card  ",4,"4881","63.66",119,NA
"487",487,"2024-04-04 02:59:48",NA,NA,NA,"created",2317,"Kyiv",50.413805,30.341456,3.96,"Standart","COD",4,"2408","47.92",4,NA
"488",488,"2024-04-01 16:00:42",NA,"2024-04-01 17:50:42",NA,"picked",3950,"Odesa",46.343,30.739738,22.56,"Express","Card",1,"4 121","127.68",145,NA
"489",489,"2024-04-19 09:48:01",NA,NA,NA,"created",216,"Lviv",49.820074,23.968176,3.07,"Express","COD",3,"3761","69.21",79,NA
"490",490,"2024-04-23 15:31:37","23.04.2024 15:55",NA,NA,"canceled",977,"Lviv",23.95596,49.859195,20.87,"Express","COD",1,"3 054","122.61",52,"perishable"
"491",491,"2024-04-21 05:13:54","21.04.2024 05:25",NA,NA,"canceled",1967,"Kyiv",50.307755,30.624123,23.85,"Standart","COD",5,"3041","87.7",109,NA
"492",492,"2024-04-15 08:12:20",NA,NA,NA,"canceled",2921,"Kyiv",50.27205,30.452655,11.11,"Standart","Card",4,"5 600","62.22",168,"fragile"
"493",493,"2024-04-19 14:39:16","2024-04-19 15:13:16",NA,NA,"canceled",621,"Kyiv",50.396602,30.626307,0.87,"  EXPRESS","Card",3,"1038","62.61",90,NA
"494",494,"2024-04-06 20:27:25","2024-04-06 20:57:25",NA,NA,"canceled",1645,"Kyiv",50.536715,30.681961,16.54,"Standart","Card",5,"4546","73,08",138,NA
"495",169,"2024-04-14 10:38:12","2024-04-14 11:25:12",NA,NA,"canceled",1687,"Odesa",46.527772,30.709391,8.64,"Express","COD",3,"4116","85,92",192,"fragile"
"496",496,"2024-04-14 12:32:09",NA,NA,NA,"created",3290,"Kyiv",50.477677,30.376499,25.6,"Express","Card",1,"1698","136.8",58,"sharp"
"497",497,"2024-04-07 17:41:21","2024-04-07 17:54:21",NA,NA,"canceled",1446,"Kyiv",50.303361,30.573163,5.36,"Express","COD",4,"446","76.08",192,NA
"498",498,"10.04.2024 00:25",NA,NA,NA,"created",1346,"Odesa",46.473199,30.757594,16.46,"Express","COD",1,"3151","109.38",107,NA
"499",499,"2024-04-11 17:29:21","2024-04-11 18:16:21","11.04.2024 18:50",NA,"delivered",2048,"Kyiv",50.466525,30.572354,6.6,"Standart","COD",1,"3239","53.2",42,"sharp"
"500",500,"2024-04-07 06:39:54",NA,NA,NA,"created",3829,"Odesa",46.508651,30.627277,15.81,"Standart","COD",4,"723","0",196,NA
